Workbook

Sheet Dashboard
A1: Dashboard — Portefólio
A3: Ano corrente | B3: 2026
A4: Mês mais recente com dados | B4: =_xlfn.MAXIFS(Dados!$C$2:$C$1000,Dados!$A$2:$A$1000,$B$3) -> 8
A6: Conta Principal | D6: Numerário (dinheiro em casa) | G6: Criptoativos (fora da alocação de investimentos)
A7: Saldo do mês mais recente | B7: =SUMIFS(Dados!$F$2:$F$1000,Dados!$D$2:$D$1000,"Conta Principal",Dados!$A$2:$A$1000,$B$3,Dados!$C$2:$C$1000,$B$4) -> 1969.12 | D7: Saldo do mês mais recente | E7: =SUMIFS(Dados!$F$2:$F$1000,Dados!$D$2:$D$1000,"Numerário",Dados!$A$2:$A$1000,$B$3,Dados!$C$2:$C$1000,$B$4) -> 10 | G7: Saldo do mês mais recente | H7: =SUMIFS(Dados!$F$2:$F$1000,Dados!$D$2:$D$1000,"Criptoativo",Dados!$A$2:$A$1000,$B$3,Dados!$C$2:$C$1000,$B$4) -> 38
A8: Média do saldo (todos os meses registados) | B8: =AVERAGEIFS(Dados!$F$2:$F$1000,Dados!$D$2:$D$1000,"Conta Principal",Dados!$A$2:$A$1000,$B$3) -> 2381.3329
A11: Evolução mensal (ano corrente)
A12: Mês | B12: Património Total | C12: Conta Principal | D12: Investimentos | E12: Numerário | F12: Criptoativos
A13: Janeiro | B13: =IF(COUNTIFS(Dados!$A$2:$A$1000,$B$3,Dados!$C$2:$C$1000,1)=0,"",SUM(C13:F13)) -> 40732.62 | C13: =IF(COUNTIFS(Dados!$A$2:$A$1000,$B$3,Dados!$C$2:$C$1000,1)=0,"",SUMIFS(Dados!$F$2:$F$1000,Dados!$D$2:$D$1000,"Conta Principal",Dados!$A$2:$A$1000,$B$3,Dados!$C$2:$C$1000,1)) -> 1670.18 | D13: =IF(COUNTIFS(Dados!$A$2:$A$1000,$B$3,Dados!$C$2:$C$1000,1)=0,"",SUMIFS(Dados!$F$2:$F$1000,Dados!$D$2:$D$1000,"Investimento",Dados!$A$2:$A$1000,$B$3,Dados!$C$2:$C$1000,1)) -> 38557.32 | E13: =IF(COUNTIFS(Dados!$A$2:$A$1000,$B$3,Dados!$C$2:$C$1000,1)=0,"",SUMIFS(Dados!$F$2:$F$1000,Dados!$D$2:$D$1000,"Numerário",Dados!$A$2:$A$1000,$B$3,Dados!$C$2:$C$1000,1)) -> 470 | F13: =IF(COUNTIFS(Dados!$A$2:$A$1000,$B$3,Dados!$C$2:$C$1000,1)=0,"",SUMIFS(Dados!$F$2:$F$1000,Dados!$D$2:$D$1000,"Criptoativo",Dados!$A$2:$A$1000,$B$3,Dados!$C$2:$C$1000,1)) -> 35.12
A14: Fevereiro | B14: =IF(COUNTIFS(Dados!$A$2:$A$1000,$B$3,Dados!$C$2:$C$1000,2)=0,"",SUM(C14:F14)) -> 38134.09 | C14: =IF(COUNTIFS(Dados!$A$2:$A$1000,$B$3,Dados!$C$2:$C$1000,2)=0,"",SUMIFS(Dados!$F$2:$F$1000,Dados!$D$2:$D$1000,"Conta Principal",Dados!$A$2:$A$1000,$B$3,Dados!$C$2:$C$1000,2)) -> 2628.38 | D14: =IF(COUNTIFS(Dados!$A$2:$A$1000,$B$3,Dados!$C$2:$C$1000,2)=0,"",SUMIFS(Dados!$F$2:$F$1000,Dados!$D$2:$D$1000,"Investimento",Dados!$A$2:$A$1000,$B$3,Dados!$C$2:$C$1000,2)) -> 35105.66 | E14: =IF(COUNTIFS(Dados!$A$2:$A$1000,$B$3,Dados!$C$2:$C$1000,2)=0,"",SUMIFS(Dados!$F$2:$F$1000,Dados!$D$2:$D$1000,"Numerário",Dados!$A$2:$A$1000,$B$3,Dados!$C$2:$C$1000,2)) -> 370 | F14: =IF(COUNTIFS(Dados!$A$2:$A$1000,$B$3,Dados!$C$2:$C$1000,2)=0,"",SUMIFS(Dados!$F$2:$F$1000,Dados!$D$2:$D$1000,"Criptoativo",Dados!$A$2:$A$1000,$B$3,Dados!$C$2:$C$1000,2)) -> 30.05
A15: Março | B15: =IF(COUNTIFS(Dados!$A$2:$A$1000,$B$3,Dados!$C$2:$C$1000,3)=0,"",SUM(C15:F15)) -> 36014.37 | C15: =IF(COUNTIFS(Dados!$A$2:$A$1000,$B$3,Dados!$C$2:$C$1000,3)=0,"",SUMIFS(Dados!$F$2:$F$1000,Dados!$D$2:$D$1000,"Conta Principal",Dados!$A$2:$A$1000,$B$3,Dados!$C$2:$C$1000,3)) -> 2675.51 | D15: =IF(COUNTIFS(Dados!$A$2:$A$1000,$B$3,Dados!$C$2:$C$1000,3)=0,"",SUMIFS(Dados!$F$2:$F$1000,Dados!$D$2:$D$1000,"Investimento",Dados!$A$2:$A$1000,$B$3,Dados!$C$2:$C$1000,3)) -> 32977.86 | E15: =IF(COUNTIFS(Dados!$A$2:$A$1000,$B$3,Dados!$C$2:$C$1000,3)=0,"",SUMIFS(Dados!$F$2:$F$1000,Dados!$D$2:$D$1000,"Numerário",Dados!$A$2:$A$1000,$B$3,Dados!$C$2:$C$1000,3)) -> 330 | F15: =IF(COUNTIFS(Dados!$A$2:$A$1000,$B$3,Dados!$C$2:$C$1000,3)=0,"",SUMIFS(Dados!$F$2:$F$1000,Dados!$D$2:$D$1000,"Criptoativo",Dados!$A$2:$A$1000,$B$3,Dados!$C$2:$C$1000,3)) -> 31
A16: Abril | B16: =IF(COUNTIFS(Dados!$A$2:$A$1000,$B$3,Dados!$C$2:$C$1000,4)=0,"",SUM(C16:F16)) -> 37317.11 | C16: =IF(COUNTIFS(Dados!$A$2:$A$1000,$B$3,Dados!$C$2:$C$1000,4)=0,"",SUMIFS(Dados!$F$2:$F$1000,Dados!$D$2:$D$1000,"Conta Principal",Dados!$A$2:$A$1000,$B$3,Dados!$C$2:$C$1000,4)) -> 2561.59 | D16: =IF(COUNTIFS(Dados!$A$2:$A$1000,$B$3,Dados!$C$2:$C$1000,4)=0,"",SUMIFS(Dados!$F$2:$F$1000,Dados!$D$2:$D$1000,"Investimento",Dados!$A$2:$A$1000,$B$3,Dados!$C$2:$C$1000,4)) -> 34630.52 | E16: =IF(COUNTIFS(Dados!$A$2:$A$1000,$B$3,Dados!$C$2:$C$1000,4)=0,"",SUMIFS(Dados!$F$2:$F$1000,Dados!$D$2:$D$1000,"Numerário",Dados!$A$2:$A$1000,$B$3,Dados!$C$2:$C$1000,4)) -> 90 | F16: =IF(COUNTIFS(Dados!$A$2:$A$1000,$B$3,Dados!$C$2:$C$1000,4)=0,"",SUMIFS(Dados!$F$2:$F$1000,Dados!$D$2:$D$1000,"Criptoativo",Dados!$A$2:$A$1000,$B$3,Dados!$C$2:$C$1000,4)) -> 35
A17: Maio | B17: =IF(COUNTIFS(Dados!$A$2:$A$1000,$B$3,Dados!$C$2:$C$1000,5)=0,"",SUM(C17:F17)) -> 38051.89 | C17: =IF(COUNTIFS(Dados!$A$2:$A$1000,$B$3,Dados!$C$2:$C$1000,5)=0,"",SUMIFS(Dados!$F$2:$F$1000,Dados!$D$2:$D$1000,"Conta Principal",Dados!$A$2:$A$1000,$B$3,Dados!$C$2:$C$1000,5)) -> 1786.89 | D17: =IF(COUNTIFS(Dados!$A$2:$A$1000,$B$3,Dados!$C$2:$C$1000,5)=0,"",SUMIFS(Dados!$F$2:$F$1000,Dados!$D$2:$D$1000,"Investimento",Dados!$A$2:$A$1000,$B$3,Dados!$C$2:$C$1000,5)) -> 36152 | E17: =IF(COUNTIFS(Dados!$A$2:$A$1000,$B$3,Dados!$C$2:$C$1000,5)=0,"",SUMIFS(Dados!$F$2:$F$1000,Dados!$D$2:$D$1000,"Numerário",Dados!$A$2:$A$1000,$B$3,Dados!$C$2:$C$1000,5)) -> 80 | F17: =IF(COUNTIFS(Dados!$A$2:$A$1000,$B$3,Dados!$C$2:$C$1000,5)=0,"",SUMIFS(Dados!$F$2:$F$1000,Dados!$D$2:$D$1000,"Criptoativo",Dados!$A$2:$A$1000,$B$3,Dados!$C$2:$C$1000,5)) -> 33
A18: Junho | B18: =IF(COUNTIFS(Dados!$A$2:$A$1000,$B$3,Dados!$C$2:$C$1000,6)=0,"",SUM(C18:F18)) | C18: =IF(COUNTIFS(Dados!$A$2:$A$1000,$B$3,Dados!$C$2:$C$1000,6)=0,"",SUMIFS(Dados!$F$2:$F$1000,Dados!$D$2:$D$1000,"Conta Principal",Dados!$A$2:$A$1000,$B$3,Dados!$C$2:$C$1000,6)) | D18: =IF(COUNTIFS(Dados!$A$2:$A$1000,$B$3,Dados!$C$2:$C$1000,6)=0,"",SUMIFS(Dados!$F$2:$F$1000,Dados!$D$2:$D$1000,"Investimento",Dados!$A$2:$A$1000,$B$3,Dados!$C$2:$C$1000,6)) | E18: =IF(COUNTIFS(Dados!$A$2:$A$1000,$B$3,Dados!$C$2:$C$1000,6)=0,"",SUMIFS(Dados!$F$2:$F$1000,Dados!$D$2:$D$1000,"Numerário",Dados!$A$2:$A$1000,$B$3,Dados!$C$2:$C$1000,6)) | F18: =IF(COUNTIFS(Dados!$A$2:$A$1000,$B$3,Dados!$C$2:$C$1000,6)=0,"",SUMIFS(Dados!$F$2:$F$1000,Dados!$D$2:$D$1000,"Criptoativo",Dados!$A$2:$A$1000,$B$3,Dados!$C$2:$C$1000,6))
A19: Julho | B19: =IF(COUNTIFS(Dados!$A$2:$A$1000,$B$3,Dados!$C$2:$C$1000,7)=0,"",SUM(C19:F19)) -> 39808.01 | C19: =IF(COUNTIFS(Dados!$A$2:$A$1000,$B$3,Dados!$C$2:$C$1000,7)=0,"",SUMIFS(Dados!$F$2:$F$1000,Dados!$D$2:$D$1000,"Conta Principal",Dados!$A$2:$A$1000,$B$3,Dados!$C$2:$C$1000,7)) -> 3377.66 | D19: =IF(COUNTIFS(Dados!$A$2:$A$1000,$B$3,Dados!$C$2:$C$1000,7)=0,"",SUMIFS(Dados!$F$2:$F$1000,Dados!$D$2:$D$1000,"Investimento",Dados!$A$2:$A$1000,$B$3,Dados!$C$2:$C$1000,7)) -> 36399.35 | E19: =IF(COUNTIFS(Dados!$A$2:$A$1000,$B$3,Dados!$C$2:$C$1000,7)=0,"",SUMIFS(Dados!$F$2:$F$1000,Dados!$D$2:$D$1000,"Numerário",Dados!$A$2:$A$1000,$B$3,Dados!$C$2:$C$1000,7)) -> 0 | F19: =IF(COUNTIFS(Dados!$A$2:$A$1000,$B$3,Dados!$C$2:$C$1000,7)=0,"",SUMIFS(Dados!$F$2:$F$1000,Dados!$D$2:$D$1000,"Criptoativo",Dados!$A$2:$A$1000,$B$3,Dados!$C$2:$C$1000,7)) -> 31
A20: Agosto | B20: =IF(COUNTIFS(Dados!$A$2:$A$1000,$B$3,Dados!$C$2:$C$1000,8)=0,"",SUM(C20:F20)) -> 38970.51 | C20: =IF(COUNTIFS(Dados!$A$2:$A$1000,$B$3,Dados!$C$2:$C$1000,8)=0,"",SUMIFS(Dados!$F$2:$F$1000,Dados!$D$2:$D$1000,"Conta Principal",Dados!$A$2:$A$1000,$B$3,Dados!$C$2:$C$1000,8)) -> 1969.12 | D20: =IF(COUNTIFS(Dados!$A$2:$A$1000,$B$3,Dados!$C$2:$C$1000,8)=0,"",SUMIFS(Dados!$F$2:$F$1000,Dados!$D$2:$D$1000,"Investimento",Dados!$A$2:$A$1000,$B$3,Dados!$C$2:$C$1000,8)) -> 36953.39 | E20: =IF(COUNTIFS(Dados!$A$2:$A$1000,$B$3,Dados!$C$2:$C$1000,8)=0,"",SUMIFS(Dados!$F$2:$F$1000,Dados!$D$2:$D$1000,"Numerário",Dados!$A$2:$A$1000,$B$3,Dados!$C$2:$C$1000,8)) -> 10 | F20: =IF(COUNTIFS(Dados!$A$2:$A$1000,$B$3,Dados!$C$2:$C$1000,8)=0,"",SUMIFS(Dados!$F$2:$F$1000,Dados!$D$2:$D$1000,"Criptoativo",Dados!$A$2:$A$1000,$B$3,Dados!$C$2:$C$1000,8)) -> 38
A21: Setembro | B21: =IF(COUNTIFS(Dados!$A$2:$A$1000,$B$3,Dados!$C$2:$C$1000,9)=0,"",SUM(C21:F21)) | C21: =IF(COUNTIFS(Dados!$A$2:$A$1000,$B$3,Dados!$C$2:$C$1000,9)=0,"",SUMIFS(Dados!$F$2:$F$1000,Dados!$D$2:$D$1000,"Conta Principal",Dados!$A$2:$A$1000,$B$3,Dados!$C$2:$C$1000,9)) | D21: =IF(COUNTIFS(Dados!$A$2:$A$1000,$B$3,Dados!$C$2:$C$1000,9)=0,"",SUMIFS(Dados!$F$2:$F$1000,Dados!$D$2:$D$1000,"Investimento",Dados!$A$2:$A$1000,$B$3,Dados!$C$2:$C$1000,9)) | E21: =IF(COUNTIFS(Dados!$A$2:$A$1000,$B$3,Dados!$C$2:$C$1000,9)=0,"",SUMIFS(Dados!$F$2:$F$1000,Dados!$D$2:$D$1000,"Numerário",Dados!$A$2:$A$1000,$B$3,Dados!$C$2:$C$1000,9)) | F21: =IF(COUNTIFS(Dados!$A$2:$A$1000,$B$3,Dados!$C$2:$C$1000,9)=0,"",SUMIFS(Dados!$F$2:$F$1000,Dados!$D$2:$D$1000,"Criptoativo",Dados!$A$2:$A$1000,$B$3,Dados!$C$2:$C$1000,9))
A22: Outubro | B22: =IF(COUNTIFS(Dados!$A$2:$A$1000,$B$3,Dados!$C$2:$C$1000,10)=0,"",SUM(C22:F22)) | C22: =IF(COUNTIFS(Dados!$A$2:$A$1000,$B$3,Dados!$C$2:$C$1000,10)=0,"",SUMIFS(Dados!$F$2:$F$1000,Dados!$D$2:$D$1000,"Conta Principal",Dados!$A$2:$A$1000,$B$3,Dados!$C$2:$C$1000,10)) | D22: =IF(COUNTIFS(Dados!$A$2:$A$1000,$B$3,Dados!$C$2:$C$1000,10)=0,"",SUMIFS(Dados!$F$2:$F$1000,Dados!$D$2:$D$1000,"Investimento",Dados!$A$2:$A$1000,$B$3,Dados!$C$2:$C$1000,10)) | E22: =IF(COUNTIFS(Dados!$A$2:$A$1000,$B$3,Dados!$C$2:$C$1000,10)=0,"",SUMIFS(Dados!$F$2:$F$1000,Dados!$D$2:$D$1000,"Numerário",Dados!$A$2:$A$1000,$B$3,Dados!$C$2:$C$1000,10)) | F22: =IF(COUNTIFS(Dados!$A$2:$A$1000,$B$3,Dados!$C$2:$C$1000,10)=0,"",SUMIFS(Dados!$F$2:$F$1000,Dados!$D$2:$D$1000,"Criptoativo",Dados!$A$2:$A$1000,$B$3,Dados!$C$2:$C$1000,10))
A23: Novembro | B23: =IF(COUNTIFS(Dados!$A$2:$A$1000,$B$3,Dados!$C$2:$C$1000,11)=0,"",SUM(C23:F23)) | C23: =IF(COUNTIFS(Dados!$A$2:$A$1000,$B$3,Dados!$C$2:$C$1000,11)=0,"",SUMIFS(Dados!$F$2:$F$1000,Dados!$D$2:$D$1000,"Conta Principal",Dados!$A$2:$A$1000,$B$3,Dados!$C$2:$C$1000,11)) | D23: =IF(COUNTIFS(Dados!$A$2:$A$1000,$B$3,Dados!$C$2:$C$1000,11)=0,"",SUMIFS(Dados!$F$2:$F$1000,Dados!$D$2:$D$1000,"Investimento",Dados!$A$2:$A$1000,$B$3,Dados!$C$2:$C$1000,11)) | E23: =IF(COUNTIFS(Dados!$A$2:$A$1000,$B$3,Dados!$C$2:$C$1000,11)=0,"",SUMIFS(Dados!$F$2:$F$1000,Dados!$D$2:$D$1000,"Numerário",Dados!$A$2:$A$1000,$B$3,Dados!$C$2:$C$1000,11)) | F23: =IF(COUNTIFS(Dados!$A$2:$A$1000,$B$3,Dados!$C$2:$C$1000,11)=0,"",SUMIFS(Dados!$F$2:$F$1000,Dados!$D$2:$D$1000,"Criptoativo",Dados!$A$2:$A$1000,$B$3,Dados!$C$2:$C$1000,11))
A24: Dezembro | B24: =IF(COUNTIFS(Dados!$A$2:$A$1000,$B$3,Dados!$C$2:$C$1000,12)=0,"",SUM(C24:F24)) | C24: =IF(COUNTIFS(Dados!$A$2:$A$1000,$B$3,Dados!$C$2:$C$1000,12)=0,"",SUMIFS(Dados!$F$2:$F$1000,Dados!$D$2:$D$1000,"Conta Principal",Dados!$A$2:$A$1000,$B$3,Dados!$C$2:$C$1000,12)) | D24: =IF(COUNTIFS(Dados!$A$2:$A$1000,$B$3,Dados!$C$2:$C$1000,12)=0,"",SUMIFS(Dados!$F$2:$F$1000,Dados!$D$2:$D$1000,"Investimento",Dados!$A$2:$A$1000,$B$3,Dados!$C$2:$C$1000,12)) | E24: =IF(COUNTIFS(Dados!$A$2:$A$1000,$B$3,Dados!$C$2:$C$1000,12)=0,"",SUMIFS(Dados!$F$2:$F$1000,Dados!$D$2:$D$1000,"Numerário",Dados!$A$2:$A$1000,$B$3,Dados!$C$2:$C$1000,12)) | F24: =IF(COUNTIFS(Dados!$A$2:$A$1000,$B$3,Dados!$C$2:$C$1000,12)=0,"",SUMIFS(Dados!$F$2:$F$1000,Dados!$D$2:$D$1000,"Criptoativo",Dados!$A$2:$A$1000,$B$3,Dados!$C$2:$C$1000,12))
A27: Saldo por plataforma de investimento (ano corrente)
A28: Plataforma | B28: Jan | C28: Fev | D28: Mar | E28: Abr | F28: Mai | G28: Jun | H28: Jul | I28: Ago | J28: Set | K28: Out | L28: Nov | M28: Dez
A29: Activobank | B29: =IF(COUNTIFS(Dados!$A$2:$A$1000,$B$3,Dados!$C$2:$C$1000,1,Dados!$E$2:$E$1000,"Activobank")=0,"",SUMIFS(Dados!$F$2:$F$1000,Dados!$D$2:$D$1000,"Investimento",Dados!$E$2:$E$1000,"Activobank",Dados!$A$2:$A$1000,$B$3,Dados!$C$2:$C$1000,1)) -> 4000 | C29: =IF(COUNTIFS(Dados!$A$2:$A$1000,$B$3,Dados!$C$2:$C$1000,2,Dados!$E$2:$E$1000,"Activobank")=0,"",SUMIFS(Dados!$F$2:$F$1000,Dados!$D$2:$D$1000,"Investimento",Dados!$E$2:$E$1000,"Activobank",Dados!$A$2:$A$1000,$B$3,Dados!$C$2:$C$1000,2)) -> 267.71 | D29: =IF(COUNTIFS(Dados!$A$2:$A$1000,$B$3,Dados!$C$2:$C$1000,3,Dados!$E$2:$E$1000,"Activobank")=0,"",SUMIFS(Dados!$F$2:$F$1000,Dados!$D$2:$D$1000,"Investimento",Dados!$E$2:$E$1000,"Activobank",Dados!$A$2:$A$1000,$B$3,Dados!$C$2:$C$1000,3)) -> 100 | E29: =IF(COUNTIFS(Dados!$A$2:$A$1000,$B$3,Dados!$C$2:$C$1000,4,Dados!$E$2:$E$1000,"Activobank")=0,"",SUMIFS(Dados!$F$2:$F$1000,Dados!$D$2:$D$1000,"Investimento",Dados!$E$2:$E$1000,"Activobank",Dados!$A$2:$A$1000,$B$3,Dados!$C$2:$C$1000,4)) -> 100 | F29: =IF(COUNTIFS(Dados!$A$2:$A$1000,$B$3,Dados!$C$2:$C$1000,5,Dados!$E$2:$E$1000,"Activobank")=0,"",SUMIFS(Dados!$F$2:$F$1000,Dados!$D$2:$D$1000,"Investimento",Dados!$E$2:$E$1000,"Activobank",Dados!$A$2:$A$1000,$B$3,Dados!$C$2:$C$1000,5)) -> 100 | G29: =IF(COUNTIFS(Dados!$A$2:$A$1000,$B$3,Dados!$C$2:$C$1000,6,Dados!$E$2:$E$1000,"Activobank")=0,"",SUMIFS(Dados!$F$2:$F$1000,Dados!$D$2:$D$1000,"Investimento",Dados!$E$2:$E$1000,"Activobank",Dados!$A$2:$A$1000,$B$3,Dados!$C$2:$C$1000,6)) | H29: =IF(COUNTIFS(Dados!$A$2:$A$1000,$B$3,Dados!$C$2:$C$1000,7,Dados!$E$2:$E$1000,"Activobank")=0,"",SUMIFS(Dados!$F$2:$F$1000,Dados!$D$2:$D$1000,"Investimento",Dados!$E$2:$E$1000,"Activobank",Dados!$A$2:$A$1000,$B$3,Dados!$C$2:$C$1000,7)) -> 100 | I29: =IF(COUNTIFS(Dados!$A$2:$A$1000,$B$3,Dados!$C$2:$C$1000,8,Dados!$E$2:$E$1000,"Activobank")=0,"",SUMIFS(Dados!$F$2:$F$1000,Dados!$D$2:$D$1000,"Investimento",Dados!$E$2:$E$1000,"Activobank",Dados!$A$2:$A$1000,$B$3,Dados!$C$2:$C$1000,8)) -> 100 | J29: =IF(COUNTIFS(Dados!$A$2:$A$1000,$B$3,Dados!$C$2:$C$1000,9,Dados!$E$2:$E$1000,"Activobank")=0,"",SUMIFS(Dados!$F$2:$F$1000,Dados!$D$2:$D$1000,"Investimento",Dados!$E$2:$E$1000,"Activobank",Dados!$A$2:$A$1000,$B$3,Dados!$C$2:$C$1000,9)) | K29: =IF(COUNTIFS(Dados!$A$2:$A$1000,$B$3,Dados!$C$2:$C$1000,10,Dados!$E$2:$E$1000,"Activobank")=0,"",SUMIFS(Dados!$F$2:$F$1000,Dados!$D$2:$D$1000,"Investimento",Dados!$E$2:$E$1000,"Activobank",Dados!$A$2:$A$1000,$B$3,Dados!$C$2:$C$1000,10)) | L29: =IF(COUNTIFS(Dados!$A$2:$A$1000,$B$3,Dados!$C$2:$C$1000,11,Dados!$E$2:$E$1000,"Activobank")=0,"",SUMIFS(Dados!$F$2:$F$1000,Dados!$D$2:$D$1000,"Investimento",Dados!$E$2:$E$1000,"Activobank",Dados!$A$2:$A$1000,$B$3,Dados!$C$2:$C$1000,11)) | M29: =IF(COUNTIFS(Dados!$A$2:$A$1000,$B$3,Dados!$C$2:$C$1000,12,Dados!$E$2:$E$1000,"Activobank")=0,"",SUMIFS(Dados!$F$2:$F$1000,Dados!$D$2:$D$1000,"Investimento",Dados!$E$2:$E$1000,"Activobank",Dados!$A$2:$A$1000,$B$3,Dados!$C$2:$C$1000,12))
A30: Bondora Go & Grow | B30: =IF(COUNTIFS(Dados!$A$2:$A$1000,$B$3,Dados!$C$2:$C$1000,1,Dados!$E$2:$E$1000,"Bondora Go & Grow")=0,"",SUMIFS(Dados!$F$2:$F$1000,Dados!$D$2:$D$1000,"Investimento",Dados!$E$2:$E$1000,"Bondora Go & Grow",Dados!$A$2:$A$1000,$B$3,Dados!$C$2:$C$1000,1)) -> 6251.29 | C30: =IF(COUNTIFS(Dados!$A$2:$A$1000,$B$3,Dados!$C$2:$C$1000,2,Dados!$E$2:$E$1000,"Bondora Go & Grow")=0,"",SUMIFS(Dados!$F$2:$F$1000,Dados!$D$2:$D$1000,"Investimento",Dados!$E$2:$E$1000,"Bondora Go & Grow",Dados!$A$2:$A$1000,$B$3,Dados!$C$2:$C$1000,2)) -> 6309.34 | D30: =IF(COUNTIFS(Dados!$A$2:$A$1000,$B$3,Dados!$C$2:$C$1000,3,Dados!$E$2:$E$1000,"Bondora Go & Grow")=0,"",SUMIFS(Dados!$F$2:$F$1000,Dados!$D$2:$D$1000,"Investimento",Dados!$E$2:$E$1000,"Bondora Go & Grow",Dados!$A$2:$A$1000,$B$3,Dados!$C$2:$C$1000,3)) -> 6386.73 | E30: =IF(COUNTIFS(Dados!$A$2:$A$1000,$B$3,Dados!$C$2:$C$1000,4,Dados!$E$2:$E$1000,"Bondora Go & Grow")=0,"",SUMIFS(Dados!$F$2:$F$1000,Dados!$D$2:$D$1000,"Investimento",Dados!$E$2:$E$1000,"Bondora Go & Grow",Dados!$A$2:$A$1000,$B$3,Dados!$C$2:$C$1000,4)) -> 6479.54 | F30: =IF(COUNTIFS(Dados!$A$2:$A$1000,$B$3,Dados!$C$2:$C$1000,5,Dados!$E$2:$E$1000,"Bondora Go & Grow")=0,"",SUMIFS(Dados!$F$2:$F$1000,Dados!$D$2:$D$1000,"Investimento",Dados!$E$2:$E$1000,"Bondora Go & Grow",Dados!$A$2:$A$1000,$B$3,Dados!$C$2:$C$1000,5)) -> 6611.92 | G30: =IF(COUNTIFS(Dados!$A$2:$A$1000,$B$3,Dados!$C$2:$C$1000,6,Dados!$E$2:$E$1000,"Bondora Go & Grow")=0,"",SUMIFS(Dados!$F$2:$F$1000,Dados!$D$2:$D$1000,"Investimento",Dados!$E$2:$E$1000,"Bondora Go & Grow",Dados!$A$2:$A$1000,$B$3,Dados!$C$2:$C$1000,6)) | H30: =IF(COUNTIFS(Dados!$A$2:$A$1000,$B$3,Dados!$C$2:$C$1000,7,Dados!$E$2:$E$1000,"Bondora Go & Grow")=0,"",SUMIFS(Dados!$F$2:$F$1000,Dados!$D$2:$D$1000,"Investimento",Dados!$E$2:$E$1000,"Bondora Go & Grow",Dados!$A$2:$A$1000,$B$3,Dados!$C$2:$C$1000,7)) -> 6889.6 | I30: =IF(COUNTIFS(Dados!$A$2:$A$1000,$B$3,Dados!$C$2:$C$1000,8,Dados!$E$2:$E$1000,"Bondora Go & Grow")=0,"",SUMIFS(Dados!$F$2:$F$1000,Dados!$D$2:$D$1000,"Investimento",Dados!$E$2:$E$1000,"Bondora Go & Grow",Dados!$A$2:$A$1000,$B$3,Dados!$C$2:$C$1000,8)) -> 7089.2 | J30: =IF(COUNTIFS(Dados!$A$2:$A$1000,$B$3,Dados!$C$2:$C$1000,9,Dados!$E$2:$E$1000,"Bondora Go & Grow")=0,"",SUMIFS(Dados!$F$2:$F$1000,Dados!$D$2:$D$1000,"Investimento",Dados!$E$2:$E$1000,"Bondora Go & Grow",Dados!$A$2:$A$1000,$B$3,Dados!$C$2:$C$1000,9)) | K30: =IF(COUNTIFS(Dados!$A$2:$A$1000,$B$3,Dados!$C$2:$C$1000,10,Dados!$E$2:$E$1000,"Bondora Go & Grow")=0,"",SUMIFS(Dados!$F$2:$F$1000,Dados!$D$2:$D$1000,"Investimento",Dados!$E$2:$E$1000,"Bondora Go & Grow",Dados!$A$2:$A$1000,$B$3,Dados!$C$2:$C$1000,10)) | L30: =IF(COUNTIFS(Dados!$A$2:$A$1000,$B$3,Dados!$C$2:$C$1000,11,Dados!$E$2:$E$1000,"Bondora Go & Grow")=0,"",SUMIFS(Dados!$F$2:$F$1000,Dados!$D$2:$D$1000,"Investimento",Dados!$E$2:$E$1000,"Bondora Go & Grow",Dados!$A$2:$A$1000,$B$3,Dados!$C$2:$C$1000,11)) | M30: =IF(COUNTIFS(Dados!$A$2:$A$1000,$B$3,Dados!$C$2:$C$1000,12,Dados!$E$2:$E$1000,"Bondora Go & Grow")=0,"",SUMIFS(Dados!$F$2:$F$1000,Dados!$D$2:$D$1000,"Investimento",Dados!$E$2:$E$1000,"Bondora Go & Grow",Dados!$A$2:$A$1000,$B$3,Dados!$C$2:$C$1000,12))
A31: Degiro | B31: =IF(COUNTIFS(Dados!$A$2:$A$1000,$B$3,Dados!$C$2:$C$1000,1,Dados!$E$2:$E$1000,"Degiro")=0,"",SUMIFS(Dados!$F$2:$F$1000,Dados!$D$2:$D$1000,"Investimento",Dados!$E$2:$E$1000,"Degiro",Dados!$A$2:$A$1000,$B$3,Dados!$C$2:$C$1000,1)) -> 2010.83 | C31: =IF(COUNTIFS(Dados!$A$2:$A$1000,$B$3,Dados!$C$2:$C$1000,2,Dados!$E$2:$E$1000,"Degiro")=0,"",SUMIFS(Dados!$F$2:$F$1000,Dados!$D$2:$D$1000,"Investimento",Dados!$E$2:$E$1000,"Degiro",Dados!$A$2:$A$1000,$B$3,Dados!$C$2:$C$1000,2)) -> 2046.34 | D31: =IF(COUNTIFS(Dados!$A$2:$A$1000,$B$3,Dados!$C$2:$C$1000,3,Dados!$E$2:$E$1000,"Degiro")=0,"",SUMIFS(Dados!$F$2:$F$1000,Dados!$D$2:$D$1000,"Investimento",Dados!$E$2:$E$1000,"Degiro",Dados!$A$2:$A$1000,$B$3,Dados!$C$2:$C$1000,3)) -> 1971.27 | E31: =IF(COUNTIFS(Dados!$A$2:$A$1000,$B$3,Dados!$C$2:$C$1000,4,Dados!$E$2:$E$1000,"Degiro")=0,"",SUMIFS(Dados!$F$2:$F$1000,Dados!$D$2:$D$1000,"Investimento",Dados!$E$2:$E$1000,"Degiro",Dados!$A$2:$A$1000,$B$3,Dados!$C$2:$C$1000,4)) -> 2189.55 | F31: =IF(COUNTIFS(Dados!$A$2:$A$1000,$B$3,Dados!$C$2:$C$1000,5,Dados!$E$2:$E$1000,"Degiro")=0,"",SUMIFS(Dados!$F$2:$F$1000,Dados!$D$2:$D$1000,"Investimento",Dados!$E$2:$E$1000,"Degiro",Dados!$A$2:$A$1000,$B$3,Dados!$C$2:$C$1000,5)) -> 2274 | G31: =IF(COUNTIFS(Dados!$A$2:$A$1000,$B$3,Dados!$C$2:$C$1000,6,Dados!$E$2:$E$1000,"Degiro")=0,"",SUMIFS(Dados!$F$2:$F$1000,Dados!$D$2:$D$1000,"Investimento",Dados!$E$2:$E$1000,"Degiro",Dados!$A$2:$A$1000,$B$3,Dados!$C$2:$C$1000,6)) | H31: =IF(COUNTIFS(Dados!$A$2:$A$1000,$B$3,Dados!$C$2:$C$1000,7,Dados!$E$2:$E$1000,"Degiro")=0,"",SUMIFS(Dados!$F$2:$F$1000,Dados!$D$2:$D$1000,"Investimento",Dados!$E$2:$E$1000,"Degiro",Dados!$A$2:$A$1000,$B$3,Dados!$C$2:$C$1000,7)) -> 2334.07 | I31: =IF(COUNTIFS(Dados!$A$2:$A$1000,$B$3,Dados!$C$2:$C$1000,8,Dados!$E$2:$E$1000,"Degiro")=0,"",SUMIFS(Dados!$F$2:$F$1000,Dados!$D$2:$D$1000,"Investimento",Dados!$E$2:$E$1000,"Degiro",Dados!$A$2:$A$1000,$B$3,Dados!$C$2:$C$1000,8)) -> 2430.88 | J31: =IF(COUNTIFS(Dados!$A$2:$A$1000,$B$3,Dados!$C$2:$C$1000,9,Dados!$E$2:$E$1000,"Degiro")=0,"",SUMIFS(Dados!$F$2:$F$1000,Dados!$D$2:$D$1000,"Investimento",Dados!$E$2:$E$1000,"Degiro",Dados!$A$2:$A$1000,$B$3,Dados!$C$2:$C$1000,9)) | K31: =IF(COUNTIFS(Dados!$A$2:$A$1000,$B$3,Dados!$C$2:$C$1000,10,Dados!$E$2:$E$1000,"Degiro")=0,"",SUMIFS(Dados!$F$2:$F$1000,Dados!$D$2:$D$1000,"Investimento",Dados!$E$2:$E$1000,"Degiro",Dados!$A$2:$A$1000,$B$3,Dados!$C$2:$C$1000,10)) | L31: =IF(COUNTIFS(Dados!$A$2:$A$1000,$B$3,Dados!$C$2:$C$1000,11,Dados!$E$2:$E$1000,"Degiro")=0,"",SUMIFS(Dados!$F$2:$F$1000,Dados!$D$2:$D$1000,"Investimento",Dados!$E$2:$E$1000,"Degiro",Dados!$A$2:$A$1000,$B$3,Dados!$C$2:$C$1000,11)) | M31: =IF(COUNTIFS(Dados!$A$2:$A$1000,$B$3,Dados!$C$2:$C$1000,12,Dados!$E$2:$E$1000,"Degiro")=0,"",SUMIFS(Dados!$F$2:$F$1000,Dados!$D$2:$D$1000,"Investimento",Dados!$E$2:$E$1000,"Degiro",Dados!$A$2:$A$1000,$B$3,Dados!$C$2:$C$1000,12))
A32: Golden SGF | B32: =IF(COUNTIFS(Dados!$A$2:$A$1000,$B$3,Dados!$C$2:$C$1000,1,Dados!$E$2:$E$1000,"Golden SGF")=0,"",SUMIFS(Dados!$F$2:$F$1000,Dados!$D$2:$D$1000,"Investimento",Dados!$E$2:$E$1000,"Golden SGF",Dados!$A$2:$A$1000,$B$3,Dados!$C$2:$C$1000,1)) -> 2503.69 | C32: =IF(COUNTIFS(Dados!$A$2:$A$1000,$B$3,Dados!$C$2:$C$1000,2,Dados!$E$2:$E$1000,"Golden SGF")=0,"",SUMIFS(Dados!$F$2:$F$1000,Dados!$D$2:$D$1000,"Investimento",Dados!$E$2:$E$1000,"Golden SGF",Dados!$A$2:$A$1000,$B$3,Dados!$C$2:$C$1000,2)) -> 2557.77 | D32: =IF(COUNTIFS(Dados!$A$2:$A$1000,$B$3,Dados!$C$2:$C$1000,3,Dados!$E$2:$E$1000,"Golden SGF")=0,"",SUMIFS(Dados!$F$2:$F$1000,Dados!$D$2:$D$1000,"Investimento",Dados!$E$2:$E$1000,"Golden SGF",Dados!$A$2:$A$1000,$B$3,Dados!$C$2:$C$1000,3)) -> 2504.71 | E32: =IF(COUNTIFS(Dados!$A$2:$A$1000,$B$3,Dados!$C$2:$C$1000,4,Dados!$E$2:$E$1000,"Golden SGF")=0,"",SUMIFS(Dados!$F$2:$F$1000,Dados!$D$2:$D$1000,"Investimento",Dados!$E$2:$E$1000,"Golden SGF",Dados!$A$2:$A$1000,$B$3,Dados!$C$2:$C$1000,4)) -> 2659.51 | F32: =IF(COUNTIFS(Dados!$A$2:$A$1000,$B$3,Dados!$C$2:$C$1000,5,Dados!$E$2:$E$1000,"Golden SGF")=0,"",SUMIFS(Dados!$F$2:$F$1000,Dados!$D$2:$D$1000,"Investimento",Dados!$E$2:$E$1000,"Golden SGF",Dados!$A$2:$A$1000,$B$3,Dados!$C$2:$C$1000,5)) -> 2778.22 | G32: =IF(COUNTIFS(Dados!$A$2:$A$1000,$B$3,Dados!$C$2:$C$1000,6,Dados!$E$2:$E$1000,"Golden SGF")=0,"",SUMIFS(Dados!$F$2:$F$1000,Dados!$D$2:$D$1000,"Investimento",Dados!$E$2:$E$1000,"Golden SGF",Dados!$A$2:$A$1000,$B$3,Dados!$C$2:$C$1000,6)) | H32: =IF(COUNTIFS(Dados!$A$2:$A$1000,$B$3,Dados!$C$2:$C$1000,7,Dados!$E$2:$E$1000,"Golden SGF")=0,"",SUMIFS(Dados!$F$2:$F$1000,Dados!$D$2:$D$1000,"Investimento",Dados!$E$2:$E$1000,"Golden SGF",Dados!$A$2:$A$1000,$B$3,Dados!$C$2:$C$1000,7)) -> 2884.95 | I32: =IF(COUNTIFS(Dados!$A$2:$A$1000,$B$3,Dados!$C$2:$C$1000,8,Dados!$E$2:$E$1000,"Golden SGF")=0,"",SUMIFS(Dados!$F$2:$F$1000,Dados!$D$2:$D$1000,"Investimento",Dados!$E$2:$E$1000,"Golden SGF",Dados!$A$2:$A$1000,$B$3,Dados!$C$2:$C$1000,8)) -> 2991.1 | J32: =IF(COUNTIFS(Dados!$A$2:$A$1000,$B$3,Dados!$C$2:$C$1000,9,Dados!$E$2:$E$1000,"Golden SGF")=0,"",SUMIFS(Dados!$F$2:$F$1000,Dados!$D$2:$D$1000,"Investimento",Dados!$E$2:$E$1000,"Golden SGF",Dados!$A$2:$A$1000,$B$3,Dados!$C$2:$C$1000,9)) | K32: =IF(COUNTIFS(Dados!$A$2:$A$1000,$B$3,Dados!$C$2:$C$1000,10,Dados!$E$2:$E$1000,"Golden SGF")=0,"",SUMIFS(Dados!$F$2:$F$1000,Dados!$D$2:$D$1000,"Investimento",Dados!$E$2:$E$1000,"Golden SGF",Dados!$A$2:$A$1000,$B$3,Dados!$C$2:$C$1000,10)) | L32: =IF(COUNTIFS(Dados!$A$2:$A$1000,$B$3,Dados!$C$2:$C$1000,11,Dados!$E$2:$E$1000,"Golden SGF")=0,"",SUMIFS(Dados!$F$2:$F$1000,Dados!$D$2:$D$1000,"Investimento",Dados!$E$2:$E$1000,"Golden SGF",Dados!$A$2:$A$1000,$B$3,Dados!$C$2:$C$1000,11)) | M32: =IF(COUNTIFS(Dados!$A$2:$A$1000,$B$3,Dados!$C$2:$C$1000,12,Dados!$E$2:$E$1000,"Golden SGF")=0,"",SUMIFS(Dados!$F$2:$F$1000,Dados!$D$2:$D$1000,"Investimento",Dados!$E$2:$E$1000,"Golden SGF",Dados!$A$2:$A$1000,$B$3,Dados!$C$2:$C$1000,12))
A33: IGCP | B33: =IF(COUNTIFS(Dados!$A$2:$A$1000,$B$3,Dados!$C$2:$C$1000,1,Dados!$E$2:$E$1000,"IGCP")=0,"",SUMIFS(Dados!$F$2:$F$1000,Dados!$D$2:$D$1000,"Investimento",Dados!$E$2:$E$1000,"IGCP",Dados!$A$2:$A$1000,$B$3,Dados!$C$2:$C$1000,1)) -> 2707.43 | C33: =IF(COUNTIFS(Dados!$A$2:$A$1000,$B$3,Dados!$C$2:$C$1000,2,Dados!$E$2:$E$1000,"IGCP")=0,"",SUMIFS(Dados!$F$2:$F$1000,Dados!$D$2:$D$1000,"Investimento",Dados!$E$2:$E$1000,"IGCP",Dados!$A$2:$A$1000,$B$3,Dados!$C$2:$C$1000,2)) -> 2707.43 | D33: =IF(COUNTIFS(Dados!$A$2:$A$1000,$B$3,Dados!$C$2:$C$1000,3,Dados!$E$2:$E$1000,"IGCP")=0,"",SUMIFS(Dados!$F$2:$F$1000,Dados!$D$2:$D$1000,"Investimento",Dados!$E$2:$E$1000,"IGCP",Dados!$A$2:$A$1000,$B$3,Dados!$C$2:$C$1000,3)) -> 2707.43 | E33: =IF(COUNTIFS(Dados!$A$2:$A$1000,$B$3,Dados!$C$2:$C$1000,4,Dados!$E$2:$E$1000,"IGCP")=0,"",SUMIFS(Dados!$F$2:$F$1000,Dados!$D$2:$D$1000,"Investimento",Dados!$E$2:$E$1000,"IGCP",Dados!$A$2:$A$1000,$B$3,Dados!$C$2:$C$1000,4)) -> 2724.75 | F33: =IF(COUNTIFS(Dados!$A$2:$A$1000,$B$3,Dados!$C$2:$C$1000,5,Dados!$E$2:$E$1000,"IGCP")=0,"",SUMIFS(Dados!$F$2:$F$1000,Dados!$D$2:$D$1000,"Investimento",Dados!$E$2:$E$1000,"IGCP",Dados!$A$2:$A$1000,$B$3,Dados!$C$2:$C$1000,5)) -> 2724.75 | G33: =IF(COUNTIFS(Dados!$A$2:$A$1000,$B$3,Dados!$C$2:$C$1000,6,Dados!$E$2:$E$1000,"IGCP")=0,"",SUMIFS(Dados!$F$2:$F$1000,Dados!$D$2:$D$1000,"Investimento",Dados!$E$2:$E$1000,"IGCP",Dados!$A$2:$A$1000,$B$3,Dados!$C$2:$C$1000,6)) | H33: =IF(COUNTIFS(Dados!$A$2:$A$1000,$B$3,Dados!$C$2:$C$1000,7,Dados!$E$2:$E$1000,"IGCP")=0,"",SUMIFS(Dados!$F$2:$F$1000,Dados!$D$2:$D$1000,"Investimento",Dados!$E$2:$E$1000,"IGCP",Dados!$A$2:$A$1000,$B$3,Dados!$C$2:$C$1000,7)) -> 2741.98 | I33: =IF(COUNTIFS(Dados!$A$2:$A$1000,$B$3,Dados!$C$2:$C$1000,8,Dados!$E$2:$E$1000,"IGCP")=0,"",SUMIFS(Dados!$F$2:$F$1000,Dados!$D$2:$D$1000,"Investimento",Dados!$E$2:$E$1000,"IGCP",Dados!$A$2:$A$1000,$B$3,Dados!$C$2:$C$1000,8)) -> 2741.98 | J33: =IF(COUNTIFS(Dados!$A$2:$A$1000,$B$3,Dados!$C$2:$C$1000,9,Dados!$E$2:$E$1000,"IGCP")=0,"",SUMIFS(Dados!$F$2:$F$1000,Dados!$D$2:$D$1000,"Investimento",Dados!$E$2:$E$1000,"IGCP",Dados!$A$2:$A$1000,$B$3,Dados!$C$2:$C$1000,9)) | K33: =IF(COUNTIFS(Dados!$A$2:$A$1000,$B$3,Dados!$C$2:$C$1000,10,Dados!$E$2:$E$1000,"IGCP")=0,"",SUMIFS(Dados!$F$2:$F$1000,Dados!$D$2:$D$1000,"Investimento",Dados!$E$2:$E$1000,"IGCP",Dados!$A$2:$A$1000,$B$3,Dados!$C$2:$C$1000,10)) | L33: =IF(COUNTIFS(Dados!$A$2:$A$1000,$B$3,Dados!$C$2:$C$1000,11,Dados!$E$2:$E$1000,"IGCP")=0,"",SUMIFS(Dados!$F$2:$F$1000,Dados!$D$2:$D$1000,"Investimento",Dados!$E$2:$E$1000,"IGCP",Dados!$A$2:$A$1000,$B$3,Dados!$C$2:$C$1000,11)) | M33: =IF(COUNTIFS(Dados!$A$2:$A$1000,$B$3,Dados!$C$2:$C$1000,12,Dados!$E$2:$E$1000,"IGCP")=0,"",SUMIFS(Dados!$F$2:$F$1000,Dados!$D$2:$D$1000,"Investimento",Dados!$E$2:$E$1000,"IGCP",Dados!$A$2:$A$1000,$B$3,Dados!$C$2:$C$1000,12))
A34: PPR Santander | B34: =IF(COUNTIFS(Dados!$A$2:$A$1000,$B$3,Dados!$C$2:$C$1000,1,Dados!$E$2:$E$1000,"PPR Santander")=0,"",SUMIFS(Dados!$F$2:$F$1000,Dados!$D$2:$D$1000,"Investimento",Dados!$E$2:$E$1000,"PPR Santander",Dados!$A$2:$A$1000,$B$3,Dados!$C$2:$C$1000,1)) -> 1709.21 | C34: =IF(COUNTIFS(Dados!$A$2:$A$1000,$B$3,Dados!$C$2:$C$1000,2,Dados!$E$2:$E$1000,"PPR Santander")=0,"",SUMIFS(Dados!$F$2:$F$1000,Dados!$D$2:$D$1000,"Investimento",Dados!$E$2:$E$1000,"PPR Santander",Dados!$A$2:$A$1000,$B$3,Dados!$C$2:$C$1000,2)) -> 1766 | D34: =IF(COUNTIFS(Dados!$A$2:$A$1000,$B$3,Dados!$C$2:$C$1000,3,Dados!$E$2:$E$1000,"PPR Santander")=0,"",SUMIFS(Dados!$F$2:$F$1000,Dados!$D$2:$D$1000,"Investimento",Dados!$E$2:$E$1000,"PPR Santander",Dados!$A$2:$A$1000,$B$3,Dados!$C$2:$C$1000,3)) -> 1784.76 | E34: =IF(COUNTIFS(Dados!$A$2:$A$1000,$B$3,Dados!$C$2:$C$1000,4,Dados!$E$2:$E$1000,"PPR Santander")=0,"",SUMIFS(Dados!$F$2:$F$1000,Dados!$D$2:$D$1000,"Investimento",Dados!$E$2:$E$1000,"PPR Santander",Dados!$A$2:$A$1000,$B$3,Dados!$C$2:$C$1000,4)) -> 1846.5 | F34: =IF(COUNTIFS(Dados!$A$2:$A$1000,$B$3,Dados!$C$2:$C$1000,5,Dados!$E$2:$E$1000,"PPR Santander")=0,"",SUMIFS(Dados!$F$2:$F$1000,Dados!$D$2:$D$1000,"Investimento",Dados!$E$2:$E$1000,"PPR Santander",Dados!$A$2:$A$1000,$B$3,Dados!$C$2:$C$1000,5)) -> 1909.28 | G34: =IF(COUNTIFS(Dados!$A$2:$A$1000,$B$3,Dados!$C$2:$C$1000,6,Dados!$E$2:$E$1000,"PPR Santander")=0,"",SUMIFS(Dados!$F$2:$F$1000,Dados!$D$2:$D$1000,"Investimento",Dados!$E$2:$E$1000,"PPR Santander",Dados!$A$2:$A$1000,$B$3,Dados!$C$2:$C$1000,6)) | H34: =IF(COUNTIFS(Dados!$A$2:$A$1000,$B$3,Dados!$C$2:$C$1000,7,Dados!$E$2:$E$1000,"PPR Santander")=0,"",SUMIFS(Dados!$F$2:$F$1000,Dados!$D$2:$D$1000,"Investimento",Dados!$E$2:$E$1000,"PPR Santander",Dados!$A$2:$A$1000,$B$3,Dados!$C$2:$C$1000,7)) -> 2001.54 | I34: =IF(COUNTIFS(Dados!$A$2:$A$1000,$B$3,Dados!$C$2:$C$1000,8,Dados!$E$2:$E$1000,"PPR Santander")=0,"",SUMIFS(Dados!$F$2:$F$1000,Dados!$D$2:$D$1000,"Investimento",Dados!$E$2:$E$1000,"PPR Santander",Dados!$A$2:$A$1000,$B$3,Dados!$C$2:$C$1000,8)) -> 2048.85 | J34: =IF(COUNTIFS(Dados!$A$2:$A$1000,$B$3,Dados!$C$2:$C$1000,9,Dados!$E$2:$E$1000,"PPR Santander")=0,"",SUMIFS(Dados!$F$2:$F$1000,Dados!$D$2:$D$1000,"Investimento",Dados!$E$2:$E$1000,"PPR Santander",Dados!$A$2:$A$1000,$B$3,Dados!$C$2:$C$1000,9)) | K34: =IF(COUNTIFS(Dados!$A$2:$A$1000,$B$3,Dados!$C$2:$C$1000,10,Dados!$E$2:$E$1000,"PPR Santander")=0,"",SUMIFS(Dados!$F$2:$F$1000,Dados!$D$2:$D$1000,"Investimento",Dados!$E$2:$E$1000,"PPR Santander",Dados!$A$2:$A$1000,$B$3,Dados!$C$2:$C$1000,10)) | L34: =IF(COUNTIFS(Dados!$A$2:$A$1000,$B$3,Dados!$C$2:$C$1000,11,Dados!$E$2:$E$1000,"PPR Santander")=0,"",SUMIFS(Dados!$F$2:$F$1000,Dados!$D$2:$D$1000,"Investimento",Dados!$E$2:$E$1000,"PPR Santander",Dados!$A$2:$A$1000,$B$3,Dados!$C$2:$C$1000,11)) | M34: =IF(COUNTIFS(Dados!$A$2:$A$1000,$B$3,Dados!$C$2:$C$1000,12,Dados!$E$2:$E$1000,"PPR Santander")=0,"",SUMIFS(Dados!$F$2:$F$1000,Dados!$D$2:$D$1000,"Investimento",Dados!$E$2:$E$1000,"PPR Santander",Dados!$A$2:$A$1000,$B$3,Dados!$C$2:$C$1000,12))
A35: Revolut | B35: =IF(COUNTIFS(Dados!$A$2:$A$1000,$B$3,Dados!$C$2:$C$1000,1,Dados!$E$2:$E$1000,"Revolut")=0,"",SUMIFS(Dados!$F$2:$F$1000,Dados!$D$2:$D$1000,"Investimento",Dados!$E$2:$E$1000,"Revolut",Dados!$A$2:$A$1000,$B$3,Dados!$C$2:$C$1000,1)) -> 226.13 | C35: =IF(COUNTIFS(Dados!$A$2:$A$1000,$B$3,Dados!$C$2:$C$1000,2,Dados!$E$2:$E$1000,"Revolut")=0,"",SUMIFS(Dados!$F$2:$F$1000,Dados!$D$2:$D$1000,"Investimento",Dados!$E$2:$E$1000,"Revolut",Dados!$A$2:$A$1000,$B$3,Dados!$C$2:$C$1000,2)) -> 246.28 | D35: =IF(COUNTIFS(Dados!$A$2:$A$1000,$B$3,Dados!$C$2:$C$1000,3,Dados!$E$2:$E$1000,"Revolut")=0,"",SUMIFS(Dados!$F$2:$F$1000,Dados!$D$2:$D$1000,"Investimento",Dados!$E$2:$E$1000,"Revolut",Dados!$A$2:$A$1000,$B$3,Dados!$C$2:$C$1000,3)) -> 266.57 | E35: =IF(COUNTIFS(Dados!$A$2:$A$1000,$B$3,Dados!$C$2:$C$1000,4,Dados!$E$2:$E$1000,"Revolut")=0,"",SUMIFS(Dados!$F$2:$F$1000,Dados!$D$2:$D$1000,"Investimento",Dados!$E$2:$E$1000,"Revolut",Dados!$A$2:$A$1000,$B$3,Dados!$C$2:$C$1000,4)) -> 287 | F35: =IF(COUNTIFS(Dados!$A$2:$A$1000,$B$3,Dados!$C$2:$C$1000,5,Dados!$E$2:$E$1000,"Revolut")=0,"",SUMIFS(Dados!$F$2:$F$1000,Dados!$D$2:$D$1000,"Investimento",Dados!$E$2:$E$1000,"Revolut",Dados!$A$2:$A$1000,$B$3,Dados!$C$2:$C$1000,5)) -> 312 | G35: =IF(COUNTIFS(Dados!$A$2:$A$1000,$B$3,Dados!$C$2:$C$1000,6,Dados!$E$2:$E$1000,"Revolut")=0,"",SUMIFS(Dados!$F$2:$F$1000,Dados!$D$2:$D$1000,"Investimento",Dados!$E$2:$E$1000,"Revolut",Dados!$A$2:$A$1000,$B$3,Dados!$C$2:$C$1000,6)) | H35: =IF(COUNTIFS(Dados!$A$2:$A$1000,$B$3,Dados!$C$2:$C$1000,7,Dados!$E$2:$E$1000,"Revolut")=0,"",SUMIFS(Dados!$F$2:$F$1000,Dados!$D$2:$D$1000,"Investimento",Dados!$E$2:$E$1000,"Revolut",Dados!$A$2:$A$1000,$B$3,Dados!$C$2:$C$1000,7)) -> 353.18 | I35: =IF(COUNTIFS(Dados!$A$2:$A$1000,$B$3,Dados!$C$2:$C$1000,8,Dados!$E$2:$E$1000,"Revolut")=0,"",SUMIFS(Dados!$F$2:$F$1000,Dados!$D$2:$D$1000,"Investimento",Dados!$E$2:$E$1000,"Revolut",Dados!$A$2:$A$1000,$B$3,Dados!$C$2:$C$1000,8)) -> 373.46 | J35: =IF(COUNTIFS(Dados!$A$2:$A$1000,$B$3,Dados!$C$2:$C$1000,9,Dados!$E$2:$E$1000,"Revolut")=0,"",SUMIFS(Dados!$F$2:$F$1000,Dados!$D$2:$D$1000,"Investimento",Dados!$E$2:$E$1000,"Revolut",Dados!$A$2:$A$1000,$B$3,Dados!$C$2:$C$1000,9)) | K35: =IF(COUNTIFS(Dados!$A$2:$A$1000,$B$3,Dados!$C$2:$C$1000,10,Dados!$E$2:$E$1000,"Revolut")=0,"",SUMIFS(Dados!$F$2:$F$1000,Dados!$D$2:$D$1000,"Investimento",Dados!$E$2:$E$1000,"Revolut",Dados!$A$2:$A$1000,$B$3,Dados!$C$2:$C$1000,10)) | L35: =IF(COUNTIFS(Dados!$A$2:$A$1000,$B$3,Dados!$C$2:$C$1000,11,Dados!$E$2:$E$1000,"Revolut")=0,"",SUMIFS(Dados!$F$2:$F$1000,Dados!$D$2:$D$1000,"Investimento",Dados!$E$2:$E$1000,"Revolut",Dados!$A$2:$A$1000,$B$3,Dados!$C$2:$C$1000,11)) | M35: =IF(COUNTIFS(Dados!$A$2:$A$1000,$B$3,Dados!$C$2:$C$1000,12,Dados!$E$2:$E$1000,"Revolut")=0,"",SUMIFS(Dados!$F$2:$F$1000,Dados!$D$2:$D$1000,"Investimento",Dados!$E$2:$E$1000,"Revolut",Dados!$A$2:$A$1000,$B$3,Dados!$C$2:$C$1000,12))
A36: Trade Republic | B36: =IF(COUNTIFS(Dados!$A$2:$A$1000,$B$3,Dados!$C$2:$C$1000,1,Dados!$E$2:$E$1000,"Trade Republic")=0,"",SUMIFS(Dados!$F$2:$F$1000,Dados!$D$2:$D$1000,"Investimento",Dados!$E$2:$E$1000,"Trade Republic",Dados!$A$2:$A$1000,$B$3,Dados!$C$2:$C$1000,1)) -> 18991.73 | C36: =IF(COUNTIFS(Dados!$A$2:$A$1000,$B$3,Dados!$C$2:$C$1000,2,Dados!$E$2:$E$1000,"Trade Republic")=0,"",SUMIFS(Dados!$F$2:$F$1000,Dados!$D$2:$D$1000,"Investimento",Dados!$E$2:$E$1000,"Trade Republic",Dados!$A$2:$A$1000,$B$3,Dados!$C$2:$C$1000,2)) -> 18991.73 | D36: =IF(COUNTIFS(Dados!$A$2:$A$1000,$B$3,Dados!$C$2:$C$1000,3,Dados!$E$2:$E$1000,"Trade Republic")=0,"",SUMIFS(Dados!$F$2:$F$1000,Dados!$D$2:$D$1000,"Investimento",Dados!$E$2:$E$1000,"Trade Republic",Dados!$A$2:$A$1000,$B$3,Dados!$C$2:$C$1000,3)) -> 17053.07 | E36: =IF(COUNTIFS(Dados!$A$2:$A$1000,$B$3,Dados!$C$2:$C$1000,4,Dados!$E$2:$E$1000,"Trade Republic")=0,"",SUMIFS(Dados!$F$2:$F$1000,Dados!$D$2:$D$1000,"Investimento",Dados!$E$2:$E$1000,"Trade Republic",Dados!$A$2:$A$1000,$B$3,Dados!$C$2:$C$1000,4)) -> 18081.26 | F36: =IF(COUNTIFS(Dados!$A$2:$A$1000,$B$3,Dados!$C$2:$C$1000,5,Dados!$E$2:$E$1000,"Trade Republic")=0,"",SUMIFS(Dados!$F$2:$F$1000,Dados!$D$2:$D$1000,"Investimento",Dados!$E$2:$E$1000,"Trade Republic",Dados!$A$2:$A$1000,$B$3,Dados!$C$2:$C$1000,5)) -> 19112.77 | G36: =IF(COUNTIFS(Dados!$A$2:$A$1000,$B$3,Dados!$C$2:$C$1000,6,Dados!$E$2:$E$1000,"Trade Republic")=0,"",SUMIFS(Dados!$F$2:$F$1000,Dados!$D$2:$D$1000,"Investimento",Dados!$E$2:$E$1000,"Trade Republic",Dados!$A$2:$A$1000,$B$3,Dados!$C$2:$C$1000,6)) | H36: =IF(COUNTIFS(Dados!$A$2:$A$1000,$B$3,Dados!$C$2:$C$1000,7,Dados!$E$2:$E$1000,"Trade Republic")=0,"",SUMIFS(Dados!$F$2:$F$1000,Dados!$D$2:$D$1000,"Investimento",Dados!$E$2:$E$1000,"Trade Republic",Dados!$A$2:$A$1000,$B$3,Dados!$C$2:$C$1000,7)) -> 18671.83 | I36: =IF(COUNTIFS(Dados!$A$2:$A$1000,$B$3,Dados!$C$2:$C$1000,8,Dados!$E$2:$E$1000,"Trade Republic")=0,"",SUMIFS(Dados!$F$2:$F$1000,Dados!$D$2:$D$1000,"Investimento",Dados!$E$2:$E$1000,"Trade Republic",Dados!$A$2:$A$1000,$B$3,Dados!$C$2:$C$1000,8)) -> 18697.52 | J36: =IF(COUNTIFS(Dados!$A$2:$A$1000,$B$3,Dados!$C$2:$C$1000,9,Dados!$E$2:$E$1000,"Trade Republic")=0,"",SUMIFS(Dados!$F$2:$F$1000,Dados!$D$2:$D$1000,"Investimento",Dados!$E$2:$E$1000,"Trade Republic",Dados!$A$2:$A$1000,$B$3,Dados!$C$2:$C$1000,9)) | K36: =IF(COUNTIFS(Dados!$A$2:$A$1000,$B$3,Dados!$C$2:$C$1000,10,Dados!$E$2:$E$1000,"Trade Republic")=0,"",SUMIFS(Dados!$F$2:$F$1000,Dados!$D$2:$D$1000,"Investimento",Dados!$E$2:$E$1000,"Trade Republic",Dados!$A$2:$A$1000,$B$3,Dados!$C$2:$C$1000,10)) | L36: =IF(COUNTIFS(Dados!$A$2:$A$1000,$B$3,Dados!$C$2:$C$1000,11,Dados!$E$2:$E$1000,"Trade Republic")=0,"",SUMIFS(Dados!$F$2:$F$1000,Dados!$D$2:$D$1000,"Investimento",Dados!$E$2:$E$1000,"Trade Republic",Dados!$A$2:$A$1000,$B$3,Dados!$C$2:$C$1000,11)) | M36: =IF(COUNTIFS(Dados!$A$2:$A$1000,$B$3,Dados!$C$2:$C$1000,12,Dados!$E$2:$E$1000,"Trade Republic")=0,"",SUMIFS(Dados!$F$2:$F$1000,Dados!$D$2:$D$1000,"Investimento",Dados!$E$2:$E$1000,"Trade Republic",Dados!$A$2:$A$1000,$B$3,Dados!$C$2:$C$1000,12))
A37: XTB | B37: =IF(COUNTIFS(Dados!$A$2:$A$1000,$B$3,Dados!$C$2:$C$1000,1,Dados!$E$2:$E$1000,"XTB")=0,"",SUMIFS(Dados!$F$2:$F$1000,Dados!$D$2:$D$1000,"Investimento",Dados!$E$2:$E$1000,"XTB",Dados!$A$2:$A$1000,$B$3,Dados!$C$2:$C$1000,1)) -> 157.01 | C37: =IF(COUNTIFS(Dados!$A$2:$A$1000,$B$3,Dados!$C$2:$C$1000,2,Dados!$E$2:$E$1000,"XTB")=0,"",SUMIFS(Dados!$F$2:$F$1000,Dados!$D$2:$D$1000,"Investimento",Dados!$E$2:$E$1000,"XTB",Dados!$A$2:$A$1000,$B$3,Dados!$C$2:$C$1000,2)) -> 213.06 | D37: =IF(COUNTIFS(Dados!$A$2:$A$1000,$B$3,Dados!$C$2:$C$1000,3,Dados!$E$2:$E$1000,"XTB")=0,"",SUMIFS(Dados!$F$2:$F$1000,Dados!$D$2:$D$1000,"Investimento",Dados!$E$2:$E$1000,"XTB",Dados!$A$2:$A$1000,$B$3,Dados!$C$2:$C$1000,3)) -> 203.32 | E37: =IF(COUNTIFS(Dados!$A$2:$A$1000,$B$3,Dados!$C$2:$C$1000,4,Dados!$E$2:$E$1000,"XTB")=0,"",SUMIFS(Dados!$F$2:$F$1000,Dados!$D$2:$D$1000,"Investimento",Dados!$E$2:$E$1000,"XTB",Dados!$A$2:$A$1000,$B$3,Dados!$C$2:$C$1000,4)) -> 262.41 | F37: =IF(COUNTIFS(Dados!$A$2:$A$1000,$B$3,Dados!$C$2:$C$1000,5,Dados!$E$2:$E$1000,"XTB")=0,"",SUMIFS(Dados!$F$2:$F$1000,Dados!$D$2:$D$1000,"Investimento",Dados!$E$2:$E$1000,"XTB",Dados!$A$2:$A$1000,$B$3,Dados!$C$2:$C$1000,5)) -> 329.06 | G37: =IF(COUNTIFS(Dados!$A$2:$A$1000,$B$3,Dados!$C$2:$C$1000,6,Dados!$E$2:$E$1000,"XTB")=0,"",SUMIFS(Dados!$F$2:$F$1000,Dados!$D$2:$D$1000,"Investimento",Dados!$E$2:$E$1000,"XTB",Dados!$A$2:$A$1000,$B$3,Dados!$C$2:$C$1000,6)) | H37: =IF(COUNTIFS(Dados!$A$2:$A$1000,$B$3,Dados!$C$2:$C$1000,7,Dados!$E$2:$E$1000,"XTB")=0,"",SUMIFS(Dados!$F$2:$F$1000,Dados!$D$2:$D$1000,"Investimento",Dados!$E$2:$E$1000,"XTB",Dados!$A$2:$A$1000,$B$3,Dados!$C$2:$C$1000,7)) -> 422.2 | I37: =IF(COUNTIFS(Dados!$A$2:$A$1000,$B$3,Dados!$C$2:$C$1000,8,Dados!$E$2:$E$1000,"XTB")=0,"",SUMIFS(Dados!$F$2:$F$1000,Dados!$D$2:$D$1000,"Investimento",Dados!$E$2:$E$1000,"XTB",Dados!$A$2:$A$1000,$B$3,Dados!$C$2:$C$1000,8)) -> 480.4 | J37: =IF(COUNTIFS(Dados!$A$2:$A$1000,$B$3,Dados!$C$2:$C$1000,9,Dados!$E$2:$E$1000,"XTB")=0,"",SUMIFS(Dados!$F$2:$F$1000,Dados!$D$2:$D$1000,"Investimento",Dados!$E$2:$E$1000,"XTB",Dados!$A$2:$A$1000,$B$3,Dados!$C$2:$C$1000,9)) | K37: =IF(COUNTIFS(Dados!$A$2:$A$1000,$B$3,Dados!$C$2:$C$1000,10,Dados!$E$2:$E$1000,"XTB")=0,"",SUMIFS(Dados!$F$2:$F$1000,Dados!$D$2:$D$1000,"Investimento",Dados!$E$2:$E$1000,"XTB",Dados!$A$2:$A$1000,$B$3,Dados!$C$2:$C$1000,10)) | L37: =IF(COUNTIFS(Dados!$A$2:$A$1000,$B$3,Dados!$C$2:$C$1000,11,Dados!$E$2:$E$1000,"XTB")=0,"",SUMIFS(Dados!$F$2:$F$1000,Dados!$D$2:$D$1000,"Investimento",Dados!$E$2:$E$1000,"XTB",Dados!$A$2:$A$1000,$B$3,Dados!$C$2:$C$1000,11)) | M37: =IF(COUNTIFS(Dados!$A$2:$A$1000,$B$3,Dados!$C$2:$C$1000,12,Dados!$E$2:$E$1000,"XTB")=0,"",SUMIFS(Dados!$F$2:$F$1000,Dados!$D$2:$D$1000,"Investimento",Dados!$E$2:$E$1000,"XTB",Dados!$A$2:$A$1000,$B$3,Dados!$C$2:$C$1000,12))
A40: Resumo por plataforma (mês mais recente)
A41: Plataforma | B41: Saldo atual | C41: Investido acumulado | D41: Ganho/Perda acumulado | E41: Alocação %
A42: Activobank | B42: =SUMIFS(Dados!$F$2:$F$1000,Dados!$D$2:$D$1000,"Investimento",Dados!$E$2:$E$1000,"Activobank",Dados!$A$2:$A$1000,$B$3,Dados!$C$2:$C$1000,$B$4) -> 100 | C42: =SUMIFS(Dados!$G$2:$G$1000,Dados!$D$2:$D$1000,"Investimento",Dados!$E$2:$E$1000,"Activobank",Dados!$A$2:$A$1000,$B$3) -> 0 | D42: =SUMIFS(Dados!$H$2:$H$1000,Dados!$D$2:$D$1000,"Investimento",Dados!$E$2:$E$1000,"Activobank",Dados!$A$2:$A$1000,$B$3) -> -3900 | E42: =IFERROR(B42/$B$51,"") -> 0.0027061117
A43: Bondora Go & Grow | B43: =SUMIFS(Dados!$F$2:$F$1000,Dados!$D$2:$D$1000,"Investimento",Dados!$E$2:$E$1000,"Bondora Go & Grow",Dados!$A$2:$A$1000,$B$3,Dados!$C$2:$C$1000,$B$4) -> 7089.2 | C43: =SUMIFS(Dados!$G$2:$G$1000,Dados!$D$2:$D$1000,"Investimento",Dados!$E$2:$E$1000,"Bondora Go & Grow",Dados!$A$2:$A$1000,$B$3) -> 522 | D43: =SUMIFS(Dados!$H$2:$H$1000,Dados!$D$2:$D$1000,"Investimento",Dados!$E$2:$E$1000,"Bondora Go & Grow",Dados!$A$2:$A$1000,$B$3) -> 315.91 | E43: =IFERROR(B43/$B$51,"") -> 0.19184167
A44: Degiro | B44: =SUMIFS(Dados!$F$2:$F$1000,Dados!$D$2:$D$1000,"Investimento",Dados!$E$2:$E$1000,"Degiro",Dados!$A$2:$A$1000,$B$3,Dados!$C$2:$C$1000,$B$4) -> 2430.88 | C44: =SUMIFS(Dados!$G$2:$G$1000,Dados!$D$2:$D$1000,"Investimento",Dados!$E$2:$E$1000,"Degiro",Dados!$A$2:$A$1000,$B$3) -> 200 | D44: =SUMIFS(Dados!$H$2:$H$1000,Dados!$D$2:$D$1000,"Investimento",Dados!$E$2:$E$1000,"Degiro",Dados!$A$2:$A$1000,$B$3) -> 220.05 | E44: =IFERROR(B44/$B$51,"") -> 0.065782327
A45: Golden SGF | B45: =SUMIFS(Dados!$F$2:$F$1000,Dados!$D$2:$D$1000,"Investimento",Dados!$E$2:$E$1000,"Golden SGF",Dados!$A$2:$A$1000,$B$3,Dados!$C$2:$C$1000,$B$4) -> 2991.1 | C45: =SUMIFS(Dados!$G$2:$G$1000,Dados!$D$2:$D$1000,"Investimento",Dados!$E$2:$E$1000,"Golden SGF",Dados!$A$2:$A$1000,$B$3) -> 300 | D45: =SUMIFS(Dados!$H$2:$H$1000,Dados!$D$2:$D$1000,"Investimento",Dados!$E$2:$E$1000,"Golden SGF",Dados!$A$2:$A$1000,$B$3) -> 187.41 | E45: =IFERROR(B45/$B$51,"") -> 0.080942506
A46: IGCP | B46: =SUMIFS(Dados!$F$2:$F$1000,Dados!$D$2:$D$1000,"Investimento",Dados!$E$2:$E$1000,"IGCP",Dados!$A$2:$A$1000,$B$3,Dados!$C$2:$C$1000,$B$4) -> 2741.98 | C46: =SUMIFS(Dados!$G$2:$G$1000,Dados!$D$2:$D$1000,"Investimento",Dados!$E$2:$E$1000,"IGCP",Dados!$A$2:$A$1000,$B$3) -> 0 | D46: =SUMIFS(Dados!$H$2:$H$1000,Dados!$D$2:$D$1000,"Investimento",Dados!$E$2:$E$1000,"IGCP",Dados!$A$2:$A$1000,$B$3) -> 34.55 | E46: =IFERROR(B46/$B$51,"") -> 0.074201041
A47: PPR Santander | B47: =SUMIFS(Dados!$F$2:$F$1000,Dados!$D$2:$D$1000,"Investimento",Dados!$E$2:$E$1000,"PPR Santander",Dados!$A$2:$A$1000,$B$3,Dados!$C$2:$C$1000,$B$4) -> 2048.85 | C47: =SUMIFS(Dados!$G$2:$G$1000,Dados!$D$2:$D$1000,"Investimento",Dados!$E$2:$E$1000,"PPR Santander",Dados!$A$2:$A$1000,$B$3) -> 300 | D47: =SUMIFS(Dados!$H$2:$H$1000,Dados!$D$2:$D$1000,"Investimento",Dados!$E$2:$E$1000,"PPR Santander",Dados!$A$2:$A$1000,$B$3) -> 39.64 | E47: =IFERROR(B47/$B$51,"") -> 0.055444169
A48: Revolut | B48: =SUMIFS(Dados!$F$2:$F$1000,Dados!$D$2:$D$1000,"Investimento",Dados!$E$2:$E$1000,"Revolut",Dados!$A$2:$A$1000,$B$3,Dados!$C$2:$C$1000,$B$4) -> 373.46 | C48: =SUMIFS(Dados!$G$2:$G$1000,Dados!$D$2:$D$1000,"Investimento",Dados!$E$2:$E$1000,"Revolut",Dados!$A$2:$A$1000,$B$3) -> 100 | D48: =SUMIFS(Dados!$H$2:$H$1000,Dados!$D$2:$D$1000,"Investimento",Dados!$E$2:$E$1000,"Revolut",Dados!$A$2:$A$1000,$B$3) -> 47.33 | E48: =IFERROR(B48/$B$51,"") -> 0.010106245
A49: Trade Republic | B49: =SUMIFS(Dados!$F$2:$F$1000,Dados!$D$2:$D$1000,"Investimento",Dados!$E$2:$E$1000,"Trade Republic",Dados!$A$2:$A$1000,$B$3,Dados!$C$2:$C$1000,$B$4) -> 18697.52 | C49: =SUMIFS(Dados!$G$2:$G$1000,Dados!$D$2:$D$1000,"Investimento",Dados!$E$2:$E$1000,"Trade Republic",Dados!$A$2:$A$1000,$B$3) -> 2000 | D49: =SUMIFS(Dados!$H$2:$H$1000,Dados!$D$2:$D$1000,"Investimento",Dados!$E$2:$E$1000,"Trade Republic",Dados!$A$2:$A$1000,$B$3) -> -2294.21 | E49: =IFERROR(B49/$B$51,"") -> 0.50597577
A50: XTB | B50: =SUMIFS(Dados!$F$2:$F$1000,Dados!$D$2:$D$1000,"Investimento",Dados!$E$2:$E$1000,"XTB",Dados!$A$2:$A$1000,$B$3,Dados!$C$2:$C$1000,$B$4) -> 480.4 | C50: =SUMIFS(Dados!$G$2:$G$1000,Dados!$D$2:$D$1000,"Investimento",Dados!$E$2:$E$1000,"XTB",Dados!$A$2:$A$1000,$B$3) -> 250 | D50: =SUMIFS(Dados!$H$2:$H$1000,Dados!$D$2:$D$1000,"Investimento",Dados!$E$2:$E$1000,"XTB",Dados!$A$2:$A$1000,$B$3) -> 73.39 | E50: =IFERROR(B50/$B$51,"") -> 0.01300016
A51: Total Investimentos | B51: =SUM(B42:B50) -> 36953.39 | C51: =SUM(C42:C50) -> 3672 | D51: =SUM(D42:D50) -> -5275.93 | E51: =SUM(E42:E50) -> 1
A54: Evolução do património — fecho de cada ano
A55: Ano | B55: Património (fecho de Dezembro)
A56: 2023 | B56: 19541.27
A57: 2024 | B57: 40285.56
A58: 2025 | B58: 41122.47
A59: =$B$3 -> 2026 | B59: =SUMIFS(Dados!$F$2:$F$1000,Dados!$A$2:$A$1000,$B$3,Dados!$C$2:$C$1000,$B$4) -> 38970.51 | C59: (mês mais recente disponível, não fecho de ano)

Sheet Registo Mensal
A1: Registo do mês
A3: Ano | B3: 2026
A4: Mês (nº 1-12) | B4: 9
A5: Mês | B5: =INDEX({"Janeiro";"Fevereiro";"Março";"Abril";"Maio";"Junho";"Julho";"Agosto";"Setembro";"Outubro";"Novembro";"Dezembro"},$B$4) -> Setembro
A7: Como usar: 1) preenche o Ano e o nº do mês acima. 2) Preenche a coluna Saldo (e Investido, só nas linhas de Investimento) para cada ativo. 3) O Ganho/Perda calcula-se sozinho. 4) Seleciona o intervalo A10:H21 (SEM o cabeçalho da linha 9), copia, e cola como VALORES (Ctrl+Shift+V no LibreOffice) na primeira linha livre da tabela 'Dados'. Só depois disso podes mudar o nº do mês aqui para o mês seguinte.
A9: Ano | B9: Mês | C9: MêsNum | D9: Categoria | E9: Ativo | F9: Saldo | G9: Investido | H9: Ganho/Perda
A10: =$B$3 -> 2026 | B10: =$B$5 -> Setembro | C10: =$B$4 -> 9 | D10: Conta Principal | E10: Conta Principal | H10: =IF(D10<>"Investimento","",IF(SUMPRODUCT(MAX((Dados!$E$2:$E$1000=E10)*((Dados!$A$2:$A$1000*100+Dados!$C$2:$C$1000)<($B$3*100+C10))*(Dados!$A$2:$A$1000*100+Dados!$C$2:$C$1000)))=0,"",F10-SUMPRODUCT((Dados!$E$2:$E$1000=E10)*((Dados!$A$2:$A$1000*100+Dados!$C$2:$C$1000)=SUMPRODUCT(MAX((Dados!$E$2:$E$1000=E10)*((Dados!$A$2:$A$1000*100+Dados!$C$2:$C$1000)<($B$3*100+C10))*(Dados!$A$2:$A$1000*100+Dados!$C$2:$C$1000))))*Dados!$F$2:$F$1000)-G10))
A11: =$B$3 -> 2026 | B11: =$B$5 -> Setembro | C11: =$B$4 -> 9 | D11: Investimento | E11: Activobank | H11: =IF(D11<>"Investimento","",IF(SUMPRODUCT(MAX((Dados!$E$2:$E$1000=E11)*((Dados!$A$2:$A$1000*100+Dados!$C$2:$C$1000)<($B$3*100+C11))*(Dados!$A$2:$A$1000*100+Dados!$C$2:$C$1000)))=0,"",F11-SUMPRODUCT((Dados!$E$2:$E$1000=E11)*((Dados!$A$2:$A$1000*100+Dados!$C$2:$C$1000)=SUMPRODUCT(MAX((Dados!$E$2:$E$1000=E11)*((Dados!$A$2:$A$1000*100+Dados!$C$2:$C$1000)<($B$3*100+C11))*(Dados!$A$2:$A$1000*100+Dados!$C$2:$C$1000))))*Dados!$F$2:$F$1000)-G11)) -> -100
A12: =$B$3 -> 2026 | B12: =$B$5 -> Setembro | C12: =$B$4 -> 9 | D12: Investimento | E12: Bondora Go & Grow | H12: =IF(D12<>"Investimento","",IF(SUMPRODUCT(MAX((Dados!$E$2:$E$1000=E12)*((Dados!$A$2:$A$1000*100+Dados!$C$2:$C$1000)<($B$3*100+C12))*(Dados!$A$2:$A$1000*100+Dados!$C$2:$C$1000)))=0,"",F12-SUMPRODUCT((Dados!$E$2:$E$1000=E12)*((Dados!$A$2:$A$1000*100+Dados!$C$2:$C$1000)=SUMPRODUCT(MAX((Dados!$E$2:$E$1000=E12)*((Dados!$A$2:$A$1000*100+Dados!$C$2:$C$1000)<($B$3*100+C12))*(Dados!$A$2:$A$1000*100+Dados!$C$2:$C$1000))))*Dados!$F$2:$F$1000)-G12)) -> -7089.2
A13: =$B$3 -> 2026 | B13: =$B$5 -> Setembro | C13: =$B$4 -> 9 | D13: Investimento | E13: Degiro | H13: =IF(D13<>"Investimento","",IF(SUMPRODUCT(MAX((Dados!$E$2:$E$1000=E13)*((Dados!$A$2:$A$1000*100+Dados!$C$2:$C$1000)<($B$3*100+C13))*(Dados!$A$2:$A$1000*100+Dados!$C$2:$C$1000)))=0,"",F13-SUMPRODUCT((Dados!$E$2:$E$1000=E13)*((Dados!$A$2:$A$1000*100+Dados!$C$2:$C$1000)=SUMPRODUCT(MAX((Dados!$E$2:$E$1000=E13)*((Dados!$A$2:$A$1000*100+Dados!$C$2:$C$1000)<($B$3*100+C13))*(Dados!$A$2:$A$1000*100+Dados!$C$2:$C$1000))))*Dados!$F$2:$F$1000)-G13)) -> -2430.88
A14: =$B$3 -> 2026 | B14: =$B$5 -> Setembro | C14: =$B$4 -> 9 | D14: Investimento | E14: Golden SGF | H14: =IF(D14<>"Investimento","",IF(SUMPRODUCT(MAX((Dados!$E$2:$E$1000=E14)*((Dados!$A$2:$A$1000*100+Dados!$C$2:$C$1000)<($B$3*100+C14))*(Dados!$A$2:$A$1000*100+Dados!$C$2:$C$1000)))=0,"",F14-SUMPRODUCT((Dados!$E$2:$E$1000=E14)*((Dados!$A$2:$A$1000*100+Dados!$C$2:$C$1000)=SUMPRODUCT(MAX((Dados!$E$2:$E$1000=E14)*((Dados!$A$2:$A$1000*100+Dados!$C$2:$C$1000)<($B$3*100+C14))*(Dados!$A$2:$A$1000*100+Dados!$C$2:$C$1000))))*Dados!$F$2:$F$1000)-G14)) -> -2991.1
A15: =$B$3 -> 2026 | B15: =$B$5 -> Setembro | C15: =$B$4 -> 9 | D15: Investimento | E15: IGCP | H15: =IF(D15<>"Investimento","",IF(SUMPRODUCT(MAX((Dados!$E$2:$E$1000=E15)*((Dados!$A$2:$A$1000*100+Dados!$C$2:$C$1000)<($B$3*100+C15))*(Dados!$A$2:$A$1000*100+Dados!$C$2:$C$1000)))=0,"",F15-SUMPRODUCT((Dados!$E$2:$E$1000=E15)*((Dados!$A$2:$A$1000*100+Dados!$C$2:$C$1000)=SUMPRODUCT(MAX((Dados!$E$2:$E$1000=E15)*((Dados!$A$2:$A$1000*100+Dados!$C$2:$C$1000)<($B$3*100+C15))*(Dados!$A$2:$A$1000*100+Dados!$C$2:$C$1000))))*Dados!$F$2:$F$1000)-G15)) -> -2741.98
A16: =$B$3 -> 2026 | B16: =$B$5 -> Setembro | C16: =$B$4 -> 9 | D16: Investimento | E16: PPR Santander | H16: =IF(D16<>"Investimento","",IF(SUMPRODUCT(MAX((Dados!$E$2:$E$1000=E16)*((Dados!$A$2:$A$1000*100+Dados!$C$2:$C$1000)<($B$3*100+C16))*(Dados!$A$2:$A$1000*100+Dados!$C$2:$C$1000)))=0,"",F16-SUMPRODUCT((Dados!$E$2:$E$1000=E16)*((Dados!$A$2:$A$1000*100+Dados!$C$2:$C$1000)=SUMPRODUCT(MAX((Dados!$E$2:$E$1000=E16)*((Dados!$A$2:$A$1000*100+Dados!$C$2:$C$1000)<($B$3*100+C16))*(Dados!$A$2:$A$1000*100+Dados!$C$2:$C$1000))))*Dados!$F$2:$F$1000)-G16)) -> -2048.85
A17: =$B$3 -> 2026 | B17: =$B$5 -> Setembro | C17: =$B$4 -> 9 | D17: Investimento | E17: Revolut | H17: =IF(D17<>"Investimento","",IF(SUMPRODUCT(MAX((Dados!$E$2:$E$1000=E17)*((Dados!$A$2:$A$1000*100+Dados!$C$2:$C$1000)<($B$3*100+C17))*(Dados!$A$2:$A$1000*100+Dados!$C$2:$C$1000)))=0,"",F17-SUMPRODUCT((Dados!$E$2:$E$1000=E17)*((Dados!$A$2:$A$1000*100+Dados!$C$2:$C$1000)=SUMPRODUCT(MAX((Dados!$E$2:$E$1000=E17)*((Dados!$A$2:$A$1000*100+Dados!$C$2:$C$1000)<($B$3*100+C17))*(Dados!$A$2:$A$1000*100+Dados!$C$2:$C$1000))))*Dados!$F$2:$F$1000)-G17)) -> -373.46
A18: =$B$3 -> 2026 | B18: =$B$5 -> Setembro | C18: =$B$4 -> 9 | D18: Investimento | E18: Trade Republic | H18: =IF(D18<>"Investimento","",IF(SUMPRODUCT(MAX((Dados!$E$2:$E$1000=E18)*((Dados!$A$2:$A$1000*100+Dados!$C$2:$C$1000)<($B$3*100+C18))*(Dados!$A$2:$A$1000*100+Dados!$C$2:$C$1000)))=0,"",F18-SUMPRODUCT((Dados!$E$2:$E$1000=E18)*((Dados!$A$2:$A$1000*100+Dados!$C$2:$C$1000)=SUMPRODUCT(MAX((Dados!$E$2:$E$1000=E18)*((Dados!$A$2:$A$1000*100+Dados!$C$2:$C$1000)<($B$3*100+C18))*(Dados!$A$2:$A$1000*100+Dados!$C$2:$C$1000))))*Dados!$F$2:$F$1000)-G18)) -> -18697.52
A19: =$B$3 -> 2026 | B19: =$B$5 -> Setembro | C19: =$B$4 -> 9 | D19: Investimento | E19: XTB | H19: =IF(D19<>"Investimento","",IF(SUMPRODUCT(MAX((Dados!$E$2:$E$1000=E19)*((Dados!$A$2:$A$1000*100+Dados!$C$2:$C$1000)<($B$3*100+C19))*(Dados!$A$2:$A$1000*100+Dados!$C$2:$C$1000)))=0,"",F19-SUMPRODUCT((Dados!$E$2:$E$1000=E19)*((Dados!$A$2:$A$1000*100+Dados!$C$2:$C$1000)=SUMPRODUCT(MAX((Dados!$E$2:$E$1000=E19)*((Dados!$A$2:$A$1000*100+Dados!$C$2:$C$1000)<($B$3*100+C19))*(Dados!$A$2:$A$1000*100+Dados!$C$2:$C$1000))))*Dados!$F$2:$F$1000)-G19)) -> -480.4
A20: =$B$3 -> 2026 | B20: =$B$5 -> Setembro | C20: =$B$4 -> 9 | D20: Numerário | E20: Numerário (dinheiro em casa) | H20: =IF(D20<>"Investimento","",IF(SUMPRODUCT(MAX((Dados!$E$2:$E$1000=E20)*((Dados!$A$2:$A$1000*100+Dados!$C$2:$C$1000)<($B$3*100+C20))*(Dados!$A$2:$A$1000*100+Dados!$C$2:$C$1000)))=0,"",F20-SUMPRODUCT((Dados!$E$2:$E$1000=E20)*((Dados!$A$2:$A$1000*100+Dados!$C$2:$C$1000)=SUMPRODUCT(MAX((Dados!$E$2:$E$1000=E20)*((Dados!$A$2:$A$1000*100+Dados!$C$2:$C$1000)<($B$3*100+C20))*(Dados!$A$2:$A$1000*100+Dados!$C$2:$C$1000))))*Dados!$F$2:$F$1000)-G20))
A21: =$B$3 -> 2026 | B21: =$B$5 -> Setembro | C21: =$B$4 -> 9 | D21: Criptoativo | E21: Bitcoin | H21: =IF(D21<>"Investimento","",IF(SUMPRODUCT(MAX((Dados!$E$2:$E$1000=E21)*((Dados!$A$2:$A$1000*100+Dados!$C$2:$C$1000)<($B$3*100+C21))*(Dados!$A$2:$A$1000*100+Dados!$C$2:$C$1000)))=0,"",F21-SUMPRODUCT((Dados!$E$2:$E$1000=E21)*((Dados!$A$2:$A$1000*100+Dados!$C$2:$C$1000)=SUMPRODUCT(MAX((Dados!$E$2:$E$1000=E21)*((Dados!$A$2:$A$1000*100+Dados!$C$2:$C$1000)<($B$3*100+C21))*(Dados!$A$2:$A$1000*100+Dados!$C$2:$C$1000))))*Dados!$F$2:$F$1000)-G21))

Sheet Dados
A1: Ano | B1: Mês | C1: MêsNum | D1: Categoria | E1: Ativo | F1: Saldo | G1: Investido | H1: Ganho/Perda | J1: Nota: dados migrados do formato largo original (folha '2026 (formato antigo)'). Corrigido nesta migração: o total de Janeiro/2026 excluía a XTB (bug na fórmula original =SUM(B8:B16)); nesta tabela os totais são sempre calculados por SUMIFS, por isso esse tipo de erro deixa de poder acontecer.
A2: 2026 | B2: Janeiro | C2: 1 | D2: Conta Principal | E2: Conta Principal | F2: 1670.18 | H2: =IF(D2<>"Investimento","",IF(SUMPRODUCT(MAX(($E$2:$E$1000=E2)*(($A$2:$A$1000*100+$C$2:$C$1000)<(A2*100+C2))*($A$2:$A$1000*100+$C$2:$C$1000)))=0,"",F2-SUMPRODUCT(($E$2:$E$1000=E2)*(($A$2:$A$1000*100+$C$2:$C$1000)=SUMPRODUCT(MAX(($E$2:$E$1000=E2)*(($A$2:$A$1000*100+$C$2:$C$1000)<(A2*100+C2))*($A$2:$A$1000*100+$C$2:$C$1000))))*$F$2:$F$1000)-G2))
A3: 2026 | B3: Janeiro | C3: 1 | D3: Investimento | E3: Activobank | F3: 4000 | H3: =IF(D3<>"Investimento","",IF(SUMPRODUCT(MAX(($E$2:$E$1000=E3)*(($A$2:$A$1000*100+$C$2:$C$1000)<(A3*100+C3))*($A$2:$A$1000*100+$C$2:$C$1000)))=0,"",F3-SUMPRODUCT(($E$2:$E$1000=E3)*(($A$2:$A$1000*100+$C$2:$C$1000)=SUMPRODUCT(MAX(($E$2:$E$1000=E3)*(($A$2:$A$1000*100+$C$2:$C$1000)<(A3*100+C3))*($A$2:$A$1000*100+$C$2:$C$1000))))*$F$2:$F$1000)-G3))
A4: 2026 | B4: Janeiro | C4: 1 | D4: Investimento | E4: Bondora Go & Grow | F4: 6251.29 | H4: =IF(D4<>"Investimento","",IF(SUMPRODUCT(MAX(($E$2:$E$1000=E4)*(($A$2:$A$1000*100+$C$2:$C$1000)<(A4*100+C4))*($A$2:$A$1000*100+$C$2:$C$1000)))=0,"",F4-SUMPRODUCT(($E$2:$E$1000=E4)*(($A$2:$A$1000*100+$C$2:$C$1000)=SUMPRODUCT(MAX(($E$2:$E$1000=E4)*(($A$2:$A$1000*100+$C$2:$C$1000)<(A4*100+C4))*($A$2:$A$1000*100+$C$2:$C$1000))))*$F$2:$F$1000)-G4))
A5: 2026 | B5: Janeiro | C5: 1 | D5: Investimento | E5: Degiro | F5: 2010.83 | H5: =IF(D5<>"Investimento","",IF(SUMPRODUCT(MAX(($E$2:$E$1000=E5)*(($A$2:$A$1000*100+$C$2:$C$1000)<(A5*100+C5))*($A$2:$A$1000*100+$C$2:$C$1000)))=0,"",F5-SUMPRODUCT(($E$2:$E$1000=E5)*(($A$2:$A$1000*100+$C$2:$C$1000)=SUMPRODUCT(MAX(($E$2:$E$1000=E5)*(($A$2:$A$1000*100+$C$2:$C$1000)<(A5*100+C5))*($A$2:$A$1000*100+$C$2:$C$1000))))*$F$2:$F$1000)-G5))
A6: 2026 | B6: Janeiro | C6: 1 | D6: Investimento | E6: Golden SGF | F6: 2503.69 | H6: =IF(D6<>"Investimento","",IF(SUMPRODUCT(MAX(($E$2:$E$1000=E6)*(($A$2:$A$1000*100+$C$2:$C$1000)<(A6*100+C6))*($A$2:$A$1000*100+$C$2:$C$1000)))=0,"",F6-SUMPRODUCT(($E$2:$E$1000=E6)*(($A$2:$A$1000*100+$C$2:$C$1000)=SUMPRODUCT(MAX(($E$2:$E$1000=E6)*(($A$2:$A$1000*100+$C$2:$C$1000)<(A6*100+C6))*($A$2:$A$1000*100+$C$2:$C$1000))))*$F$2:$F$1000)-G6))
A7: 2026 | B7: Janeiro | C7: 1 | D7: Investimento | E7: IGCP | F7: 2707.43 | H7: =IF(D7<>"Investimento","",IF(SUMPRODUCT(MAX(($E$2:$E$1000=E7)*(($A$2:$A$1000*100+$C$2:$C$1000)<(A7*100+C7))*($A$2:$A$1000*100+$C$2:$C$1000)))=0,"",F7-SUMPRODUCT(($E$2:$E$1000=E7)*(($A$2:$A$1000*100+$C$2:$C$1000)=SUMPRODUCT(MAX(($E$2:$E$1000=E7)*(($A$2:$A$1000*100+$C$2:$C$1000)<(A7*100+C7))*($A$2:$A$1000*100+$C$2:$C$1000))))*$F$2:$F$1000)-G7))
A8: 2026 | B8: Janeiro | C8: 1 | D8: Investimento | E8: PPR Santander | F8: 1709.21 | H8: =IF(D8<>"Investimento","",IF(SUMPRODUCT(MAX(($E$2:$E$1000=E8)*(($A$2:$A$1000*100+$C$2:$C$1000)<(A8*100+C8))*($A$2:$A$1000*100+$C$2:$C$1000)))=0,"",F8-SUMPRODUCT(($E$2:$E$1000=E8)*(($A$2:$A$1000*100+$C$2:$C$1000)=SUMPRODUCT(MAX(($E$2:$E$1000=E8)*(($A$2:$A$1000*100+$C$2:$C$1000)<(A8*100+C8))*($A$2:$A$1000*100+$C$2:$C$1000))))*$F$2:$F$1000)-G8))
A9: 2026 | B9: Janeiro | C9: 1 | D9: Investimento | E9: Revolut | F9: 226.13 | H9: =IF(D9<>"Investimento","",IF(SUMPRODUCT(MAX(($E$2:$E$1000=E9)*(($A$2:$A$1000*100+$C$2:$C$1000)<(A9*100+C9))*($A$2:$A$1000*100+$C$2:$C$1000)))=0,"",F9-SUMPRODUCT(($E$2:$E$1000=E9)*(($A$2:$A$1000*100+$C$2:$C$1000)=SUMPRODUCT(MAX(($E$2:$E$1000=E9)*(($A$2:$A$1000*100+$C$2:$C$1000)<(A9*100+C9))*($A$2:$A$1000*100+$C$2:$C$1000))))*$F$2:$F$1000)-G9))
A10: 2026 | B10: Janeiro | C10: 1 | D10: Investimento | E10: Trade Republic | F10: 18991.73 | H10: =IF(D10<>"Investimento","",IF(SUMPRODUCT(MAX(($E$2:$E$1000=E10)*(($A$2:$A$1000*100+$C$2:$C$1000)<(A10*100+C10))*($A$2:$A$1000*100+$C$2:$C$1000)))=0,"",F10-SUMPRODUCT(($E$2:$E$1000=E10)*(($A$2:$A$1000*100+$C$2:$C$1000)=SUMPRODUCT(MAX(($E$2:$E$1000=E10)*(($A$2:$A$1000*100+$C$2:$C$1000)<(A10*100+C10))*($A$2:$A$1000*100+$C$2:$C$1000))))*$F$2:$F$1000)-G10))
A11: 2026 | B11: Janeiro | C11: 1 | D11: Investimento | E11: XTB | F11: 157.01 | H11: =IF(D11<>"Investimento","",IF(SUMPRODUCT(MAX(($E$2:$E$1000=E11)*(($A$2:$A$1000*100+$C$2:$C$1000)<(A11*100+C11))*($A$2:$A$1000*100+$C$2:$C$1000)))=0,"",F11-SUMPRODUCT(($E$2:$E$1000=E11)*(($A$2:$A$1000*100+$C$2:$C$1000)=SUMPRODUCT(MAX(($E$2:$E$1000=E11)*(($A$2:$A$1000*100+$C$2:$C$1000)<(A11*100+C11))*($A$2:$A$1000*100+$C$2:$C$1000))))*$F$2:$F$1000)-G11))
A12: 2026 | B12: Janeiro | C12: 1 | D12: Numerário | E12: Numerário (dinheiro em casa) | F12: 470 | H12: =IF(D12<>"Investimento","",IF(SUMPRODUCT(MAX(($E$2:$E$1000=E12)*(($A$2:$A$1000*100+$C$2:$C$1000)<(A12*100+C12))*($A$2:$A$1000*100+$C$2:$C$1000)))=0,"",F12-SUMPRODUCT(($E$2:$E$1000=E12)*(($A$2:$A$1000*100+$C$2:$C$1000)=SUMPRODUCT(MAX(($E$2:$E$1000=E12)*(($A$2:$A$1000*100+$C$2:$C$1000)<(A12*100+C12))*($A$2:$A$1000*100+$C$2:$C$1000))))*$F$2:$F$1000)-G12))
A13: 2026 | B13: Janeiro | C13: 1 | D13: Criptoativo | E13: Bitcoin | F13: 35.12 | H13: =IF(D13<>"Investimento","",IF(SUMPRODUCT(MAX(($E$2:$E$1000=E13)*(($A$2:$A$1000*100+$C$2:$C$1000)<(A13*100+C13))*($A$2:$A$1000*100+$C$2:$C$1000)))=0,"",F13-SUMPRODUCT(($E$2:$E$1000=E13)*(($A$2:$A$1000*100+$C$2:$C$1000)=SUMPRODUCT(MAX(($E$2:$E$1000=E13)*(($A$2:$A$1000*100+$C$2:$C$1000)<(A13*100+C13))*($A$2:$A$1000*100+$C$2:$C$1000))))*$F$2:$F$1000)-G13))
A14: 2026 | B14: Fevereiro | C14: 2 | D14: Conta Principal | E14: Conta Principal | F14: 2628.38 | H14: =IF(D14<>"Investimento","",IF(SUMPRODUCT(MAX(($E$2:$E$1000=E14)*(($A$2:$A$1000*100+$C$2:$C$1000)<(A14*100+C14))*($A$2:$A$1000*100+$C$2:$C$1000)))=0,"",F14-SUMPRODUCT(($E$2:$E$1000=E14)*(($A$2:$A$1000*100+$C$2:$C$1000)=SUMPRODUCT(MAX(($E$2:$E$1000=E14)*(($A$2:$A$1000*100+$C$2:$C$1000)<(A14*100+C14))*($A$2:$A$1000*100+$C$2:$C$1000))))*$F$2:$F$1000)-G14))
A15: 2026 | B15: Fevereiro | C15: 2 | D15: Investimento | E15: Activobank | F15: 267.71 | G15: 0 | H15: =IF(D15<>"Investimento","",IF(SUMPRODUCT(MAX(($E$2:$E$1000=E15)*(($A$2:$A$1000*100+$C$2:$C$1000)<(A15*100+C15))*($A$2:$A$1000*100+$C$2:$C$1000)))=0,"",F15-SUMPRODUCT(($E$2:$E$1000=E15)*(($A$2:$A$1000*100+$C$2:$C$1000)=SUMPRODUCT(MAX(($E$2:$E$1000=E15)*(($A$2:$A$1000*100+$C$2:$C$1000)<(A15*100+C15))*($A$2:$A$1000*100+$C$2:$C$1000))))*$F$2:$F$1000)-G15)) -> -3732.29
A16: 2026 | B16: Fevereiro | C16: 2 | D16: Investimento | E16: Bondora Go & Grow | F16: 6309.34 | G16: 26 | H16: =IF(D16<>"Investimento","",IF(SUMPRODUCT(MAX(($E$2:$E$1000=E16)*(($A$2:$A$1000*100+$C$2:$C$1000)<(A16*100+C16))*($A$2:$A$1000*100+$C$2:$C$1000)))=0,"",F16-SUMPRODUCT(($E$2:$E$1000=E16)*(($A$2:$A$1000*100+$C$2:$C$1000)=SUMPRODUCT(MAX(($E$2:$E$1000=E16)*(($A$2:$A$1000*100+$C$2:$C$1000)<(A16*100+C16))*($A$2:$A$1000*100+$C$2:$C$1000))))*$F$2:$F$1000)-G16)) -> 32.05
A17: 2026 | B17: Fevereiro | C17: 2 | D17: Investimento | E17: Degiro | F17: 2046.34 | G17: 0 | H17: =IF(D17<>"Investimento","",IF(SUMPRODUCT(MAX(($E$2:$E$1000=E17)*(($A$2:$A$1000*100+$C$2:$C$1000)<(A17*100+C17))*($A$2:$A$1000*100+$C$2:$C$1000)))=0,"",F17-SUMPRODUCT(($E$2:$E$1000=E17)*(($A$2:$A$1000*100+$C$2:$C$1000)=SUMPRODUCT(MAX(($E$2:$E$1000=E17)*(($A$2:$A$1000*100+$C$2:$C$1000)<(A17*100+C17))*($A$2:$A$1000*100+$C$2:$C$1000))))*$F$2:$F$1000)-G17)) -> 35.51
A18: 2026 | B18: Fevereiro | C18: 2 | D18: Investimento | E18: Golden SGF | F18: 2557.77 | G18: 50 | H18: =IF(D18<>"Investimento","",IF(SUMPRODUCT(MAX(($E$2:$E$1000=E18)*(($A$2:$A$1000*100+$C$2:$C$1000)<(A18*100+C18))*($A$2:$A$1000*100+$C$2:$C$1000)))=0,"",F18-SUMPRODUCT(($E$2:$E$1000=E18)*(($A$2:$A$1000*100+$C$2:$C$1000)=SUMPRODUCT(MAX(($E$2:$E$1000=E18)*(($A$2:$A$1000*100+$C$2:$C$1000)<(A18*100+C18))*($A$2:$A$1000*100+$C$2:$C$1000))))*$F$2:$F$1000)-G18)) -> 4.08
A19: 2026 | B19: Fevereiro | C19: 2 | D19: Investimento | E19: IGCP | F19: 2707.43 | G19: 0 | H19: =IF(D19<>"Investimento","",IF(SUMPRODUCT(MAX(($E$2:$E$1000=E19)*(($A$2:$A$1000*100+$C$2:$C$1000)<(A19*100+C19))*($A$2:$A$1000*100+$C$2:$C$1000)))=0,"",F19-SUMPRODUCT(($E$2:$E$1000=E19)*(($A$2:$A$1000*100+$C$2:$C$1000)=SUMPRODUCT(MAX(($E$2:$E$1000=E19)*(($A$2:$A$1000*100+$C$2:$C$1000)<(A19*100+C19))*($A$2:$A$1000*100+$C$2:$C$1000))))*$F$2:$F$1000)-G19)) -> 0
A20: 2026 | B20: Fevereiro | C20: 2 | D20: Investimento | E20: PPR Santander | F20: 1766 | G20: 50 | H20: =IF(D20<>"Investimento","",IF(SUMPRODUCT(MAX(($E$2:$E$1000=E20)*(($A$2:$A$1000*100+$C$2:$C$1000)<(A20*100+C20))*($A$2:$A$1000*100+$C$2:$C$1000)))=0,"",F20-SUMPRODUCT(($E$2:$E$1000=E20)*(($A$2:$A$1000*100+$C$2:$C$1000)=SUMPRODUCT(MAX(($E$2:$E$1000=E20)*(($A$2:$A$1000*100+$C$2:$C$1000)<(A20*100+C20))*($A$2:$A$1000*100+$C$2:$C$1000))))*$F$2:$F$1000)-G20)) -> 6.79
A21: 2026 | B21: Fevereiro | C21: 2 | D21: Investimento | E21: Revolut | F21: 246.28 | G21: 20 | H21: =IF(D21<>"Investimento","",IF(SUMPRODUCT(MAX(($E$2:$E$1000=E21)*(($A$2:$A$1000*100+$C$2:$C$1000)<(A21*100+C21))*($A$2:$A$1000*100+$C$2:$C$1000)))=0,"",F21-SUMPRODUCT(($E$2:$E$1000=E21)*(($A$2:$A$1000*100+$C$2:$C$1000)=SUMPRODUCT(MAX(($E$2:$E$1000=E21)*(($A$2:$A$1000*100+$C$2:$C$1000)<(A21*100+C21))*($A$2:$A$1000*100+$C$2:$C$1000))))*$F$2:$F$1000)-G21)) -> 0.15
A22: 2026 | B22: Fevereiro | C22: 2 | D22: Investimento | E22: Trade Republic | F22: 18991.73 | G22: 0 | H22: =IF(D22<>"Investimento","",IF(SUMPRODUCT(MAX(($E$2:$E$1000=E22)*(($A$2:$A$1000*100+$C$2:$C$1000)<(A22*100+C22))*($A$2:$A$1000*100+$C$2:$C$1000)))=0,"",F22-SUMPRODUCT(($E$2:$E$1000=E22)*(($A$2:$A$1000*100+$C$2:$C$1000)=SUMPRODUCT(MAX(($E$2:$E$1000=E22)*(($A$2:$A$1000*100+$C$2:$C$1000)<(A22*100+C22))*($A$2:$A$1000*100+$C$2:$C$1000))))*$F$2:$F$1000)-G22)) -> 0
A23: 2026 | B23: Fevereiro | C23: 2 | D23: Investimento | E23: XTB | F23: 213.06 | G23: 50 | H23: =IF(D23<>"Investimento","",IF(SUMPRODUCT(MAX(($E$2:$E$1000=E23)*(($A$2:$A$1000*100+$C$2:$C$1000)<(A23*100+C23))*($A$2:$A$1000*100+$C$2:$C$1000)))=0,"",F23-SUMPRODUCT(($E$2:$E$1000=E23)*(($A$2:$A$1000*100+$C$2:$C$1000)=SUMPRODUCT(MAX(($E$2:$E$1000=E23)*(($A$2:$A$1000*100+$C$2:$C$1000)<(A23*100+C23))*($A$2:$A$1000*100+$C$2:$C$1000))))*$F$2:$F$1000)-G23)) -> 6.05
A24: 2026 | B24: Fevereiro | C24: 2 | D24: Numerário | E24: Numerário (dinheiro em casa) | F24: 370 | H24: =IF(D24<>"Investimento","",IF(SUMPRODUCT(MAX(($E$2:$E$1000=E24)*(($A$2:$A$1000*100+$C$2:$C$1000)<(A24*100+C24))*($A$2:$A$1000*100+$C$2:$C$1000)))=0,"",F24-SUMPRODUCT(($E$2:$E$1000=E24)*(($A$2:$A$1000*100+$C$2:$C$1000)=SUMPRODUCT(MAX(($E$2:$E$1000=E24)*(($A$2:$A$1000*100+$C$2:$C$1000)<(A24*100+C24))*($A$2:$A$1000*100+$C$2:$C$1000))))*$F$2:$F$1000)-G24))
A25: 2026 | B25: Fevereiro | C25: 2 | D25: Criptoativo | E25: Bitcoin | F25: 30.05 | H25: =IF(D25<>"Investimento","",IF(SUMPRODUCT(MAX(($E$2:$E$1000=E25)*(($A$2:$A$1000*100+$C$2:$C$1000)<(A25*100+C25))*($A$2:$A$1000*100+$C$2:$C$1000)))=0,"",F25-SUMPRODUCT(($E$2:$E$1000=E25)*(($A$2:$A$1000*100+$C$2:$C$1000)=SUMPRODUCT(MAX(($E$2:$E$1000=E25)*(($A$2:$A$1000*100+$C$2:$C$1000)<(A25*100+C25))*($A$2:$A$1000*100+$C$2:$C$1000))))*$F$2:$F$1000)-G25))
A26: 2026 | B26: Março | C26: 3 | D26: Conta Principal | E26: Conta Principal | F26: 2675.51 | H26: =IF(D26<>"Investimento","",IF(SUMPRODUCT(MAX(($E$2:$E$1000=E26)*(($A$2:$A$1000*100+$C$2:$C$1000)<(A26*100+C26))*($A$2:$A$1000*100+$C$2:$C$1000)))=0,"",F26-SUMPRODUCT(($E$2:$E$1000=E26)*(($A$2:$A$1000*100+$C$2:$C$1000)=SUMPRODUCT(MAX(($E$2:$E$1000=E26)*(($A$2:$A$1000*100+$C$2:$C$1000)<(A26*100+C26))*($A$2:$A$1000*100+$C$2:$C$1000))))*$F$2:$F$1000)-G26))
A27: 2026 | B27: Março | C27: 3 | D27: Investimento | E27: Activobank | F27: 100 | G27: 0 | H27: =IF(D27<>"Investimento","",IF(SUMPRODUCT(MAX(($E$2:$E$1000=E27)*(($A$2:$A$1000*100+$C$2:$C$1000)<(A27*100+C27))*($A$2:$A$1000*100+$C$2:$C$1000)))=0,"",F27-SUMPRODUCT(($E$2:$E$1000=E27)*(($A$2:$A$1000*100+$C$2:$C$1000)=SUMPRODUCT(MAX(($E$2:$E$1000=E27)*(($A$2:$A$1000*100+$C$2:$C$1000)<(A27*100+C27))*($A$2:$A$1000*100+$C$2:$C$1000))))*$F$2:$F$1000)-G27)) -> -167.71
A28: 2026 | B28: Março | C28: 3 | D28: Investimento | E28: Bondora Go & Grow | F28: 6386.73 | G28: 55 | H28: =IF(D28<>"Investimento","",IF(SUMPRODUCT(MAX(($E$2:$E$1000=E28)*(($A$2:$A$1000*100+$C$2:$C$1000)<(A28*100+C28))*($A$2:$A$1000*100+$C$2:$C$1000)))=0,"",F28-SUMPRODUCT(($E$2:$E$1000=E28)*(($A$2:$A$1000*100+$C$2:$C$1000)=SUMPRODUCT(MAX(($E$2:$E$1000=E28)*(($A$2:$A$1000*100+$C$2:$C$1000)<(A28*100+C28))*($A$2:$A$1000*100+$C$2:$C$1000))))*$F$2:$F$1000)-G28)) -> 22.39
A29: 2026 | B29: Março | C29: 3 | D29: Investimento | E29: Degiro | F29: 1971.27 | G29: 0 | H29: =IF(D29<>"Investimento","",IF(SUMPRODUCT(MAX(($E$2:$E$1000=E29)*(($A$2:$A$1000*100+$C$2:$C$1000)<(A29*100+C29))*($A$2:$A$1000*100+$C$2:$C$1000)))=0,"",F29-SUMPRODUCT(($E$2:$E$1000=E29)*(($A$2:$A$1000*100+$C$2:$C$1000)=SUMPRODUCT(MAX(($E$2:$E$1000=E29)*(($A$2:$A$1000*100+$C$2:$C$1000)<(A29*100+C29))*($A$2:$A$1000*100+$C$2:$C$1000))))*$F$2:$F$1000)-G29)) -> -75.07
A30: 2026 | B30: Março | C30: 3 | D30: Investimento | E30: Golden SGF | F30: 2504.71 | G30: 50 | H30: =IF(D30<>"Investimento","",IF(SUMPRODUCT(MAX(($E$2:$E$1000=E30)*(($A$2:$A$1000*100+$C$2:$C$1000)<(A30*100+C30))*($A$2:$A$1000*100+$C$2:$C$1000)))=0,"",F30-SUMPRODUCT(($E$2:$E$1000=E30)*(($A$2:$A$1000*100+$C$2:$C$1000)=SUMPRODUCT(MAX(($E$2:$E$1000=E30)*(($A$2:$A$1000*100+$C$2:$C$1000)<(A30*100+C30))*($A$2:$A$1000*100+$C$2:$C$1000))))*$F$2:$F$1000)-G30)) -> -103.06
A31: 2026 | B31: Março | C31: 3 | D31: Investimento | E31: IGCP | F31: 2707.43 | G31: 0 | H31: =IF(D31<>"Investimento","",IF(SUMPRODUCT(MAX(($E$2:$E$1000=E31)*(($A$2:$A$1000*100+$C$2:$C$1000)<(A31*100+C31))*($A$2:$A$1000*100+$C$2:$C$1000)))=0,"",F31-SUMPRODUCT(($E$2:$E$1000=E31)*(($A$2:$A$1000*100+$C$2:$C$1000)=SUMPRODUCT(MAX(($E$2:$E$1000=E31)*(($A$2:$A$1000*100+$C$2:$C$1000)<(A31*100+C31))*($A$2:$A$1000*100+$C$2:$C$1000))))*$F$2:$F$1000)-G31)) -> 0
A32: 2026 | B32: Março | C32: 3 | D32: Investimento | E32: PPR Santander | F32: 1784.76 | G32: 50 | H32: =IF(D32<>"Investimento","",IF(SUMPRODUCT(MAX(($E$2:$E$1000=E32)*(($A$2:$A$1000*100+$C$2:$C$1000)<(A32*100+C32))*($A$2:$A$1000*100+$C$2:$C$1000)))=0,"",F32-SUMPRODUCT(($E$2:$E$1000=E32)*(($A$2:$A$1000*100+$C$2:$C$1000)=SUMPRODUCT(MAX(($E$2:$E$1000=E32)*(($A$2:$A$1000*100+$C$2:$C$1000)<(A32*100+C32))*($A$2:$A$1000*100+$C$2:$C$1000))))*$F$2:$F$1000)-G32)) -> -31.24
A33: 2026 | B33: Março | C33: 3 | D33: Investimento | E33: Revolut | F33: 266.57 | G33: 20 | H33: =IF(D33<>"Investimento","",IF(SUMPRODUCT(MAX(($E$2:$E$1000=E33)*(($A$2:$A$1000*100+$C$2:$C$1000)<(A33*100+C33))*($A$2:$A$1000*100+$C$2:$C$1000)))=0,"",F33-SUMPRODUCT(($E$2:$E$1000=E33)*(($A$2:$A$1000*100+$C$2:$C$1000)=SUMPRODUCT(MAX(($E$2:$E$1000=E33)*(($A$2:$A$1000*100+$C$2:$C$1000)<(A33*100+C33))*($A$2:$A$1000*100+$C$2:$C$1000))))*$F$2:$F$1000)-G33)) -> 0.29
A34: 2026 | B34: Março | C34: 3 | D34: Investimento | E34: Trade Republic | F34: 17053.07 | G34: 0 | H34: =IF(D34<>"Investimento","",IF(SUMPRODUCT(MAX(($E$2:$E$1000=E34)*(($A$2:$A$1000*100+$C$2:$C$1000)<(A34*100+C34))*($A$2:$A$1000*100+$C$2:$C$1000)))=0,"",F34-SUMPRODUCT(($E$2:$E$1000=E34)*(($A$2:$A$1000*100+$C$2:$C$1000)=SUMPRODUCT(MAX(($E$2:$E$1000=E34)*(($A$2:$A$1000*100+$C$2:$C$1000)<(A34*100+C34))*($A$2:$A$1000*100+$C$2:$C$1000))))*$F$2:$F$1000)-G34)) -> -1938.66
A35: 2026 | B35: Março | C35: 3 | D35: Investimento | E35: XTB | F35: 203.32 | G35: 0 | H35: =IF(D35<>"Investimento","",IF(SUMPRODUCT(MAX(($E$2:$E$1000=E35)*(($A$2:$A$1000*100+$C$2:$C$1000)<(A35*100+C35))*($A$2:$A$1000*100+$C$2:$C$1000)))=0,"",F35-SUMPRODUCT(($E$2:$E$1000=E35)*(($A$2:$A$1000*100+$C$2:$C$1000)=SUMPRODUCT(MAX(($E$2:$E$1000=E35)*(($A$2:$A$1000*100+$C$2:$C$1000)<(A35*100+C35))*($A$2:$A$1000*100+$C$2:$C$1000))))*$F$2:$F$1000)-G35)) -> -9.74
A36: 2026 | B36: Março | C36: 3 | D36: Numerário | E36: Numerário (dinheiro em casa) | F36: 330 | H36: =IF(D36<>"Investimento","",IF(SUMPRODUCT(MAX(($E$2:$E$1000=E36)*(($A$2:$A$1000*100+$C$2:$C$1000)<(A36*100+C36))*($A$2:$A$1000*100+$C$2:$C$1000)))=0,"",F36-SUMPRODUCT(($E$2:$E$1000=E36)*(($A$2:$A$1000*100+$C$2:$C$1000)=SUMPRODUCT(MAX(($E$2:$E$1000=E36)*(($A$2:$A$1000*100+$C$2:$C$1000)<(A36*100+C36))*($A$2:$A$1000*100+$C$2:$C$1000))))*$F$2:$F$1000)-G36))
A37: 2026 | B37: Março | C37: 3 | D37: Criptoativo | E37: Bitcoin | F37: 31 | H37: =IF(D37<>"Investimento","",IF(SUMPRODUCT(MAX(($E$2:$E$1000=E37)*(($A$2:$A$1000*100+$C$2:$C$1000)<(A37*100+C37))*($A$2:$A$1000*100+$C$2:$C$1000)))=0,"",F37-SUMPRODUCT(($E$2:$E$1000=E37)*(($A$2:$A$1000*100+$C$2:$C$1000)=SUMPRODUCT(MAX(($E$2:$E$1000=E37)*(($A$2:$A$1000*100+$C$2:$C$1000)<(A37*100+C37))*($A$2:$A$1000*100+$C$2:$C$1000))))*$F$2:$F$1000)-G37))
A38: 2026 | B38: Abril | C38: 4 | D38: Conta Principal | E38: Conta Principal | F38: 2561.59 | H38: =IF(D38<>"Investimento","",IF(SUMPRODUCT(MAX(($E$2:$E$1000=E38)*(($A$2:$A$1000*100+$C$2:$C$1000)<(A38*100+C38))*($A$2:$A$1000*100+$C$2:$C$1000)))=0,"",F38-SUMPRODUCT(($E$2:$E$1000=E38)*(($A$2:$A$1000*100+$C$2:$C$1000)=SUMPRODUCT(MAX(($E$2:$E$1000=E38)*(($A$2:$A$1000*100+$C$2:$C$1000)<(A38*100+C38))*($A$2:$A$1000*100+$C$2:$C$1000))))*$F$2:$F$1000)-G38))
A39: 2026 | B39: Abril | C39: 4 | D39: Investimento | E39: Activobank | F39: 100 | G39: 0 | H39: =IF(D39<>"Investimento","",IF(SUMPRODUCT(MAX(($E$2:$E$1000=E39)*(($A$2:$A$1000*100+$C$2:$C$1000)<(A39*100+C39))*($A$2:$A$1000*100+$C$2:$C$1000)))=0,"",F39-SUMPRODUCT(($E$2:$E$1000=E39)*(($A$2:$A$1000*100+$C$2:$C$1000)=SUMPRODUCT(MAX(($E$2:$E$1000=E39)*(($A$2:$A$1000*100+$C$2:$C$1000)<(A39*100+C39))*($A$2:$A$1000*100+$C$2:$C$1000))))*$F$2:$F$1000)-G39)) -> 0
A40: 2026 | B40: Abril | C40: 4 | D40: Investimento | E40: Bondora Go & Grow | F40: 6479.54 | G40: 62 | H40: =IF(D40<>"Investimento","",IF(SUMPRODUCT(MAX(($E$2:$E$1000=E40)*(($A$2:$A$1000*100+$C$2:$C$1000)<(A40*100+C40))*($A$2:$A$1000*100+$C$2:$C$1000)))=0,"",F40-SUMPRODUCT(($E$2:$E$1000=E40)*(($A$2:$A$1000*100+$C$2:$C$1000)=SUMPRODUCT(MAX(($E$2:$E$1000=E40)*(($A$2:$A$1000*100+$C$2:$C$1000)<(A40*100+C40))*($A$2:$A$1000*100+$C$2:$C$1000))))*$F$2:$F$1000)-G40)) -> 30.81
A41: 2026 | B41: Abril | C41: 4 | D41: Investimento | E41: Degiro | F41: 2189.55 | G41: 50 | H41: =IF(D41<>"Investimento","",IF(SUMPRODUCT(MAX(($E$2:$E$1000=E41)*(($A$2:$A$1000*100+$C$2:$C$1000)<(A41*100+C41))*($A$2:$A$1000*100+$C$2:$C$1000)))=0,"",F41-SUMPRODUCT(($E$2:$E$1000=E41)*(($A$2:$A$1000*100+$C$2:$C$1000)=SUMPRODUCT(MAX(($E$2:$E$1000=E41)*(($A$2:$A$1000*100+$C$2:$C$1000)<(A41*100+C41))*($A$2:$A$1000*100+$C$2:$C$1000))))*$F$2:$F$1000)-G41)) -> 168.28
A42: 2026 | B42: Abril | C42: 4 | D42: Investimento | E42: Golden SGF | F42: 2659.51 | G42: 50 | H42: =IF(D42<>"Investimento","",IF(SUMPRODUCT(MAX(($E$2:$E$1000=E42)*(($A$2:$A$1000*100+$C$2:$C$1000)<(A42*100+C42))*($A$2:$A$1000*100+$C$2:$C$1000)))=0,"",F42-SUMPRODUCT(($E$2:$E$1000=E42)*(($A$2:$A$1000*100+$C$2:$C$1000)=SUMPRODUCT(MAX(($E$2:$E$1000=E42)*(($A$2:$A$1000*100+$C$2:$C$1000)<(A42*100+C42))*($A$2:$A$1000*100+$C$2:$C$1000))))*$F$2:$F$1000)-G42)) -> 104.8
A43: 2026 | B43: Abril | C43: 4 | D43: Investimento | E43: IGCP | F43: 2724.75 | G43: 0 | H43: =IF(D43<>"Investimento","",IF(SUMPRODUCT(MAX(($E$2:$E$1000=E43)*(($A$2:$A$1000*100+$C$2:$C$1000)<(A43*100+C43))*($A$2:$A$1000*100+$C$2:$C$1000)))=0,"",F43-SUMPRODUCT(($E$2:$E$1000=E43)*(($A$2:$A$1000*100+$C$2:$C$1000)=SUMPRODUCT(MAX(($E$2:$E$1000=E43)*(($A$2:$A$1000*100+$C$2:$C$1000)<(A43*100+C43))*($A$2:$A$1000*100+$C$2:$C$1000))))*$F$2:$F$1000)-G43)) -> 17.32
A44: 2026 | B44: Abril | C44: 4 | D44: Investimento | E44: PPR Santander | F44: 1846.5 | G44: 50 | H44: =IF(D44<>"Investimento","",IF(SUMPRODUCT(MAX(($E$2:$E$1000=E44)*(($A$2:$A$1000*100+$C$2:$C$1000)<(A44*100+C44))*($A$2:$A$1000*100+$C$2:$C$1000)))=0,"",F44-SUMPRODUCT(($E$2:$E$1000=E44)*(($A$2:$A$1000*100+$C$2:$C$1000)=SUMPRODUCT(MAX(($E$2:$E$1000=E44)*(($A$2:$A$1000*100+$C$2:$C$1000)<(A44*100+C44))*($A$2:$A$1000*100+$C$2:$C$1000))))*$F$2:$F$1000)-G44)) -> 11.74
A45: 2026 | B45: Abril | C45: 4 | D45: Investimento | E45: Revolut | F45: 287 | G45: 20 | H45: =IF(D45<>"Investimento","",IF(SUMPRODUCT(MAX(($E$2:$E$1000=E45)*(($A$2:$A$1000*100+$C$2:$C$1000)<(A45*100+C45))*($A$2:$A$1000*100+$C$2:$C$1000)))=0,"",F45-SUMPRODUCT(($E$2:$E$1000=E45)*(($A$2:$A$1000*100+$C$2:$C$1000)=SUMPRODUCT(MAX(($E$2:$E$1000=E45)*(($A$2:$A$1000*100+$C$2:$C$1000)<(A45*100+C45))*($A$2:$A$1000*100+$C$2:$C$1000))))*$F$2:$F$1000)-G45)) -> 0.43
A46: 2026 | B46: Abril | C46: 4 | D46: Investimento | E46: Trade Republic | F46: 18081.26 | G46: 1000 | H46: =IF(D46<>"Investimento","",IF(SUMPRODUCT(MAX(($E$2:$E$1000=E46)*(($A$2:$A$1000*100+$C$2:$C$1000)<(A46*100+C46))*($A$2:$A$1000*100+$C$2:$C$1000)))=0,"",F46-SUMPRODUCT(($E$2:$E$1000=E46)*(($A$2:$A$1000*100+$C$2:$C$1000)=SUMPRODUCT(MAX(($E$2:$E$1000=E46)*(($A$2:$A$1000*100+$C$2:$C$1000)<(A46*100+C46))*($A$2:$A$1000*100+$C$2:$C$1000))))*$F$2:$F$1000)-G46)) -> 28.19
A47: 2026 | B47: Abril | C47: 4 | D47: Investimento | E47: XTB | F47: 262.41 | G47: 50 | H47: =IF(D47<>"Investimento","",IF(SUMPRODUCT(MAX(($E$2:$E$1000=E47)*(($A$2:$A$1000*100+$C$2:$C$1000)<(A47*100+C47))*($A$2:$A$1000*100+$C$2:$C$1000)))=0,"",F47-SUMPRODUCT(($E$2:$E$1000=E47)*(($A$2:$A$1000*100+$C$2:$C$1000)=SUMPRODUCT(MAX(($E$2:$E$1000=E47)*(($A$2:$A$1000*100+$C$2:$C$1000)<(A47*100+C47))*($A$2:$A$1000*100+$C$2:$C$1000))))*$F$2:$F$1000)-G47)) -> 9.09
A48: 2026 | B48: Abril | C48: 4 | D48: Numerário | E48: Numerário (dinheiro em casa) | F48: 90 | H48: =IF(D48<>"Investimento","",IF(SUMPRODUCT(MAX(($E$2:$E$1000=E48)*(($A$2:$A$1000*100+$C$2:$C$1000)<(A48*100+C48))*($A$2:$A$1000*100+$C$2:$C$1000)))=0,"",F48-SUMPRODUCT(($E$2:$E$1000=E48)*(($A$2:$A$1000*100+$C$2:$C$1000)=SUMPRODUCT(MAX(($E$2:$E$1000=E48)*(($A$2:$A$1000*100+$C$2:$C$1000)<(A48*100+C48))*($A$2:$A$1000*100+$C$2:$C$1000))))*$F$2:$F$1000)-G48))
A49: 2026 | B49: Abril | C49: 4 | D49: Criptoativo | E49: Bitcoin | F49: 35 | H49: =IF(D49<>"Investimento","",IF(SUMPRODUCT(MAX(($E$2:$E$1000=E49)*(($A$2:$A$1000*100+$C$2:$C$1000)<(A49*100+C49))*($A$2:$A$1000*100+$C$2:$C$1000)))=0,"",F49-SUMPRODUCT(($E$2:$E$1000=E49)*(($A$2:$A$1000*100+$C$2:$C$1000)=SUMPRODUCT(MAX(($E$2:$E$1000=E49)*(($A$2:$A$1000*100+$C$2:$C$1000)<(A49*100+C49))*($A$2:$A$1000*100+$C$2:$C$1000))))*$F$2:$F$1000)-G49))
A50: 2026 | B50: Maio | C50: 5 | D50: Conta Principal | E50: Conta Principal | F50: 1786.89 | H50: =IF(D50<>"Investimento","",IF(SUMPRODUCT(MAX(($E$2:$E$1000=E50)*(($A$2:$A$1000*100+$C$2:$C$1000)<(A50*100+C50))*($A$2:$A$1000*100+$C$2:$C$1000)))=0,"",F50-SUMPRODUCT(($E$2:$E$1000=E50)*(($A$2:$A$1000*100+$C$2:$C$1000)=SUMPRODUCT(MAX(($E$2:$E$1000=E50)*(($A$2:$A$1000*100+$C$2:$C$1000)<(A50*100+C50))*($A$2:$A$1000*100+$C$2:$C$1000))))*$F$2:$F$1000)-G50))
A51: 2026 | B51: Maio | C51: 5 | D51: Investimento | E51: Activobank | F51: 100 | G51: 0 | H51: =IF(D51<>"Investimento","",IF(SUMPRODUCT(MAX(($E$2:$E$1000=E51)*(($A$2:$A$1000*100+$C$2:$C$1000)<(A51*100+C51))*($A$2:$A$1000*100+$C$2:$C$1000)))=0,"",F51-SUMPRODUCT(($E$2:$E$1000=E51)*(($A$2:$A$1000*100+$C$2:$C$1000)=SUMPRODUCT(MAX(($E$2:$E$1000=E51)*(($A$2:$A$1000*100+$C$2:$C$1000)<(A51*100+C51))*($A$2:$A$1000*100+$C$2:$C$1000))))*$F$2:$F$1000)-G51)) -> 0
A52: 2026 | B52: Maio | C52: 5 | D52: Investimento | E52: Bondora Go & Grow | F52: 6611.92 | G52: 100 | H52: =IF(D52<>"Investimento","",IF(SUMPRODUCT(MAX(($E$2:$E$1000=E52)*(($A$2:$A$1000*100+$C$2:$C$1000)<(A52*100+C52))*($A$2:$A$1000*100+$C$2:$C$1000)))=0,"",F52-SUMPRODUCT(($E$2:$E$1000=E52)*(($A$2:$A$1000*100+$C$2:$C$1000)=SUMPRODUCT(MAX(($E$2:$E$1000=E52)*(($A$2:$A$1000*100+$C$2:$C$1000)<(A52*100+C52))*($A$2:$A$1000*100+$C$2:$C$1000))))*$F$2:$F$1000)-G52)) -> 32.38
A53: 2026 | B53: Maio | C53: 5 | D53: Investimento | E53: Degiro | F53: 2274 | G53: 50 | H53: =IF(D53<>"Investimento","",IF(SUMPRODUCT(MAX(($E$2:$E$1000=E53)*(($A$2:$A$1000*100+$C$2:$C$1000)<(A53*100+C53))*($A$2:$A$1000*100+$C$2:$C$1000)))=0,"",F53-SUMPRODUCT(($E$2:$E$1000=E53)*(($A$2:$A$1000*100+$C$2:$C$1000)=SUMPRODUCT(MAX(($E$2:$E$1000=E53)*(($A$2:$A$1000*100+$C$2:$C$1000)<(A53*100+C53))*($A$2:$A$1000*100+$C$2:$C$1000))))*$F$2:$F$1000)-G53)) -> 34.45
A54: 2026 | B54: Maio | C54: 5 | D54: Investimento | E54: Golden SGF | F54: 2778.22 | G54: 50 | H54: =IF(D54<>"Investimento","",IF(SUMPRODUCT(MAX(($E$2:$E$1000=E54)*(($A$2:$A$1000*100+$C$2:$C$1000)<(A54*100+C54))*($A$2:$A$1000*100+$C$2:$C$1000)))=0,"",F54-SUMPRODUCT(($E$2:$E$1000=E54)*(($A$2:$A$1000*100+$C$2:$C$1000)=SUMPRODUCT(MAX(($E$2:$E$1000=E54)*(($A$2:$A$1000*100+$C$2:$C$1000)<(A54*100+C54))*($A$2:$A$1000*100+$C$2:$C$1000))))*$F$2:$F$1000)-G54)) -> 68.71
A55: 2026 | B55: Maio | C55: 5 | D55: Investimento | E55: IGCP | F55: 2724.75 | G55: 0 | H55: =IF(D55<>"Investimento","",IF(SUMPRODUCT(MAX(($E$2:$E$1000=E55)*(($A$2:$A$1000*100+$C$2:$C$1000)<(A55*100+C55))*($A$2:$A$1000*100+$C$2:$C$1000)))=0,"",F55-SUMPRODUCT(($E$2:$E$1000=E55)*(($A$2:$A$1000*100+$C$2:$C$1000)=SUMPRODUCT(MAX(($E$2:$E$1000=E55)*(($A$2:$A$1000*100+$C$2:$C$1000)<(A55*100+C55))*($A$2:$A$1000*100+$C$2:$C$1000))))*$F$2:$F$1000)-G55)) -> 0
A56: 2026 | B56: Maio | C56: 5 | D56: Investimento | E56: PPR Santander | F56: 1909.28 | G56: 50 | H56: =IF(D56<>"Investimento","",IF(SUMPRODUCT(MAX(($E$2:$E$1000=E56)*(($A$2:$A$1000*100+$C$2:$C$1000)<(A56*100+C56))*($A$2:$A$1000*100+$C$2:$C$1000)))=0,"",F56-SUMPRODUCT(($E$2:$E$1000=E56)*(($A$2:$A$1000*100+$C$2:$C$1000)=SUMPRODUCT(MAX(($E$2:$E$1000=E56)*(($A$2:$A$1000*100+$C$2:$C$1000)<(A56*100+C56))*($A$2:$A$1000*100+$C$2:$C$1000))))*$F$2:$F$1000)-G56)) -> 12.78
A57: 2026 | B57: Maio | C57: 5 | D57: Investimento | E57: Revolut | F57: 312 | G57: 0 | H57: =IF(D57<>"Investimento","",IF(SUMPRODUCT(MAX(($E$2:$E$1000=E57)*(($A$2:$A$1000*100+$C$2:$C$1000)<(A57*100+C57))*($A$2:$A$1000*100+$C$2:$C$1000)))=0,"",F57-SUMPRODUCT(($E$2:$E$1000=E57)*(($A$2:$A$1000*100+$C$2:$C$1000)=SUMPRODUCT(MAX(($E$2:$E$1000=E57)*(($A$2:$A$1000*100+$C$2:$C$1000)<(A57*100+C57))*($A$2:$A$1000*100+$C$2:$C$1000))))*$F$2:$F$1000)-G57)) -> 25
A58: 2026 | B58: Maio | C58: 5 | D58: Investimento | E58: Trade Republic | F58: 19112.77 | G58: 1000 | H58: =IF(D58<>"Investimento","",IF(SUMPRODUCT(MAX(($E$2:$E$1000=E58)*(($A$2:$A$1000*100+$C$2:$C$1000)<(A58*100+C58))*($A$2:$A$1000*100+$C$2:$C$1000)))=0,"",F58-SUMPRODUCT(($E$2:$E$1000=E58)*(($A$2:$A$1000*100+$C$2:$C$1000)=SUMPRODUCT(MAX(($E$2:$E$1000=E58)*(($A$2:$A$1000*100+$C$2:$C$1000)<(A58*100+C58))*($A$2:$A$1000*100+$C$2:$C$1000))))*$F$2:$F$1000)-G58)) -> 31.51
A59: 2026 | B59: Maio | C59: 5 | D59: Investimento | E59: XTB | F59: 329.06 | G59: 50 | H59: =IF(D59<>"Investimento","",IF(SUMPRODUCT(MAX(($E$2:$E$1000=E59)*(($A$2:$A$1000*100+$C$2:$C$1000)<(A59*100+C59))*($A$2:$A$1000*100+$C$2:$C$1000)))=0,"",F59-SUMPRODUCT(($E$2:$E$1000=E59)*(($A$2:$A$1000*100+$C$2:$C$1000)=SUMPRODUCT(MAX(($E$2:$E$1000=E59)*(($A$2:$A$1000*100+$C$2:$C$1000)<(A59*100+C59))*($A$2:$A$1000*100+$C$2:$C$1000))))*$F$2:$F$1000)-G59)) -> 16.65
A60: 2026 | B60: Maio | C60: 5 | D60: Numerário | E60: Numerário (dinheiro em casa) | F60: 80 | H60: =IF(D60<>"Investimento","",IF(SUMPRODUCT(MAX(($E$2:$E$1000=E60)*(($A$2:$A$1000*100+$C$2:$C$1000)<(A60*100+C60))*($A$2:$A$1000*100+$C$2:$C$1000)))=0,"",F60-SUMPRODUCT(($E$2:$E$1000=E60)*(($A$2:$A$1000*100+$C$2:$C$1000)=SUMPRODUCT(MAX(($E$2:$E$1000=E60)*(($A$2:$A$1000*100+$C$2:$C$1000)<(A60*100+C60))*($A$2:$A$1000*100+$C$2:$C$1000))))*$F$2:$F$1000)-G60))
A61: 2026 | B61: Maio | C61: 5 | D61: Criptoativo | E61: Bitcoin | F61: 33 | H61: =IF(D61<>"Investimento","",IF(SUMPRODUCT(MAX(($E$2:$E$1000=E61)*(($A$2:$A$1000*100+$C$2:$C$1000)<(A61*100+C61))*($A$2:$A$1000*100+$C$2:$C$1000)))=0,"",F61-SUMPRODUCT(($E$2:$E$1000=E61)*(($A$2:$A$1000*100+$C$2:$C$1000)=SUMPRODUCT(MAX(($E$2:$E$1000=E61)*(($A$2:$A$1000*100+$C$2:$C$1000)<(A61*100+C61))*($A$2:$A$1000*100+$C$2:$C$1000))))*$F$2:$F$1000)-G61))
A62: 2026 | B62: Julho | C62: 7 | D62: Conta Principal | E62: Conta Principal | F62: 3377.66 | H62: =IF(D62<>"Investimento","",IF(SUMPRODUCT(MAX(($E$2:$E$1000=E62)*(($A$2:$A$1000*100+$C$2:$C$1000)<(A62*100+C62))*($A$2:$A$1000*100+$C$2:$C$1000)))=0,"",F62-SUMPRODUCT(($E$2:$E$1000=E62)*(($A$2:$A$1000*100+$C$2:$C$1000)=SUMPRODUCT(MAX(($E$2:$E$1000=E62)*(($A$2:$A$1000*100+$C$2:$C$1000)<(A62*100+C62))*($A$2:$A$1000*100+$C$2:$C$1000))))*$F$2:$F$1000)-G62))
A63: 2026 | B63: Julho | C63: 7 | D63: Investimento | E63: Activobank | F63: 100 | H63: =IF(D63<>"Investimento","",IF(SUMPRODUCT(MAX(($E$2:$E$1000=E63)*(($A$2:$A$1000*100+$C$2:$C$1000)<(A63*100+C63))*($A$2:$A$1000*100+$C$2:$C$1000)))=0,"",F63-SUMPRODUCT(($E$2:$E$1000=E63)*(($A$2:$A$1000*100+$C$2:$C$1000)=SUMPRODUCT(MAX(($E$2:$E$1000=E63)*(($A$2:$A$1000*100+$C$2:$C$1000)<(A63*100+C63))*($A$2:$A$1000*100+$C$2:$C$1000))))*$F$2:$F$1000)-G63)) -> 0
A64: 2026 | B64: Julho | C64: 7 | D64: Investimento | E64: Bondora Go & Grow | F64: 6889.6 | G64: 114 | H64: =IF(D64<>"Investimento","",IF(SUMPRODUCT(MAX(($E$2:$E$1000=E64)*(($A$2:$A$1000*100+$C$2:$C$1000)<(A64*100+C64))*($A$2:$A$1000*100+$C$2:$C$1000)))=0,"",F64-SUMPRODUCT(($E$2:$E$1000=E64)*(($A$2:$A$1000*100+$C$2:$C$1000)=SUMPRODUCT(MAX(($E$2:$E$1000=E64)*(($A$2:$A$1000*100+$C$2:$C$1000)<(A64*100+C64))*($A$2:$A$1000*100+$C$2:$C$1000))))*$F$2:$F$1000)-G64)) -> 163.68
A65: 2026 | B65: Julho | C65: 7 | D65: Investimento | E65: Degiro | F65: 2334.07 | G65: 50 | H65: =IF(D65<>"Investimento","",IF(SUMPRODUCT(MAX(($E$2:$E$1000=E65)*(($A$2:$A$1000*100+$C$2:$C$1000)<(A65*100+C65))*($A$2:$A$1000*100+$C$2:$C$1000)))=0,"",F65-SUMPRODUCT(($E$2:$E$1000=E65)*(($A$2:$A$1000*100+$C$2:$C$1000)=SUMPRODUCT(MAX(($E$2:$E$1000=E65)*(($A$2:$A$1000*100+$C$2:$C$1000)<(A65*100+C65))*($A$2:$A$1000*100+$C$2:$C$1000))))*$F$2:$F$1000)-G65)) -> 10.07
A66: 2026 | B66: Julho | C66: 7 | D66: Investimento | E66: Golden SGF | F66: 2884.95 | G66: 50 | H66: =IF(D66<>"Investimento","",IF(SUMPRODUCT(MAX(($E$2:$E$1000=E66)*(($A$2:$A$1000*100+$C$2:$C$1000)<(A66*100+C66))*($A$2:$A$1000*100+$C$2:$C$1000)))=0,"",F66-SUMPRODUCT(($E$2:$E$1000=E66)*(($A$2:$A$1000*100+$C$2:$C$1000)=SUMPRODUCT(MAX(($E$2:$E$1000=E66)*(($A$2:$A$1000*100+$C$2:$C$1000)<(A66*100+C66))*($A$2:$A$1000*100+$C$2:$C$1000))))*$F$2:$F$1000)-G66)) -> 56.73
A67: 2026 | B67: Julho | C67: 7 | D67: Investimento | E67: IGCP | F67: 2741.98 | H67: =IF(D67<>"Investimento","",IF(SUMPRODUCT(MAX(($E$2:$E$1000=E67)*(($A$2:$A$1000*100+$C$2:$C$1000)<(A67*100+C67))*($A$2:$A$1000*100+$C$2:$C$1000)))=0,"",F67-SUMPRODUCT(($E$2:$E$1000=E67)*(($A$2:$A$1000*100+$C$2:$C$1000)=SUMPRODUCT(MAX(($E$2:$E$1000=E67)*(($A$2:$A$1000*100+$C$2:$C$1000)<(A67*100+C67))*($A$2:$A$1000*100+$C$2:$C$1000))))*$F$2:$F$1000)-G67)) -> 17.23
A68: 2026 | B68: Julho | C68: 7 | D68: Investimento | E68: PPR Santander | F68: 2001.54 | G68: 50 | H68: =IF(D68<>"Investimento","",IF(SUMPRODUCT(MAX(($E$2:$E$1000=E68)*(($A$2:$A$1000*100+$C$2:$C$1000)<(A68*100+C68))*($A$2:$A$1000*100+$C$2:$C$1000)))=0,"",F68-SUMPRODUCT(($E$2:$E$1000=E68)*(($A$2:$A$1000*100+$C$2:$C$1000)=SUMPRODUCT(MAX(($E$2:$E$1000=E68)*(($A$2:$A$1000*100+$C$2:$C$1000)<(A68*100+C68))*($A$2:$A$1000*100+$C$2:$C$1000))))*$F$2:$F$1000)-G68)) -> 42.26
A69: 2026 | B69: Julho | C69: 7 | D69: Investimento | E69: Revolut | F69: 353.18 | G69: 20 | H69: =IF(D69<>"Investimento","",IF(SUMPRODUCT(MAX(($E$2:$E$1000=E69)*(($A$2:$A$1000*100+$C$2:$C$1000)<(A69*100+C69))*($A$2:$A$1000*100+$C$2:$C$1000)))=0,"",F69-SUMPRODUCT(($E$2:$E$1000=E69)*(($A$2:$A$1000*100+$C$2:$C$1000)=SUMPRODUCT(MAX(($E$2:$E$1000=E69)*(($A$2:$A$1000*100+$C$2:$C$1000)<(A69*100+C69))*($A$2:$A$1000*100+$C$2:$C$1000))))*$F$2:$F$1000)-G69)) -> 21.18
A70: 2026 | B70: Julho | C70: 7 | D70: Investimento | E70: Trade Republic | F70: 18671.83 | G70: 0 | H70: =IF(D70<>"Investimento","",IF(SUMPRODUCT(MAX(($E$2:$E$1000=E70)*(($A$2:$A$1000*100+$C$2:$C$1000)<(A70*100+C70))*($A$2:$A$1000*100+$C$2:$C$1000)))=0,"",F70-SUMPRODUCT(($E$2:$E$1000=E70)*(($A$2:$A$1000*100+$C$2:$C$1000)=SUMPRODUCT(MAX(($E$2:$E$1000=E70)*(($A$2:$A$1000*100+$C$2:$C$1000)<(A70*100+C70))*($A$2:$A$1000*100+$C$2:$C$1000))))*$F$2:$F$1000)-G70)) -> -440.94
A71: 2026 | B71: Julho | C71: 7 | D71: Investimento | E71: XTB | F71: 422.2 | G71: 50 | H71: =IF(D71<>"Investimento","",IF(SUMPRODUCT(MAX(($E$2:$E$1000=E71)*(($A$2:$A$1000*100+$C$2:$C$1000)<(A71*100+C71))*($A$2:$A$1000*100+$C$2:$C$1000)))=0,"",F71-SUMPRODUCT(($E$2:$E$1000=E71)*(($A$2:$A$1000*100+$C$2:$C$1000)=SUMPRODUCT(MAX(($E$2:$E$1000=E71)*(($A$2:$A$1000*100+$C$2:$C$1000)<(A71*100+C71))*($A$2:$A$1000*100+$C$2:$C$1000))))*$F$2:$F$1000)-G71)) -> 43.14
A72: 2026 | B72: Julho | C72: 7 | D72: Numerário | E72: Numerário (dinheiro em casa) | H72: =IF(D72<>"Investimento","",IF(SUMPRODUCT(MAX(($E$2:$E$1000=E72)*(($A$2:$A$1000*100+$C$2:$C$1000)<(A72*100+C72))*($A$2:$A$1000*100+$C$2:$C$1000)))=0,"",F72-SUMPRODUCT(($E$2:$E$1000=E72)*(($A$2:$A$1000*100+$C$2:$C$1000)=SUMPRODUCT(MAX(($E$2:$E$1000=E72)*(($A$2:$A$1000*100+$C$2:$C$1000)<(A72*100+C72))*($A$2:$A$1000*100+$C$2:$C$1000))))*$F$2:$F$1000)-G72))
A73: 2026 | B73: Julho | C73: 7 | D73: Criptoativo | E73: Bitcoin | F73: 31 | H73: =IF(D73<>"Investimento","",IF(SUMPRODUCT(MAX(($E$2:$E$1000=E73)*(($A$2:$A$1000*100+$C$2:$C$1000)<(A73*100+C73))*($A$2:$A$1000*100+$C$2:$C$1000)))=0,"",F73-SUMPRODUCT(($E$2:$E$1000=E73)*(($A$2:$A$1000*100+$C$2:$C$1000)=SUMPRODUCT(MAX(($E$2:$E$1000=E73)*(($A$2:$A$1000*100+$C$2:$C$1000)<(A73*100+C73))*($A$2:$A$1000*100+$C$2:$C$1000))))*$F$2:$F$1000)-G73))
A74: 2026 | B74: Agosto | C74: 8 | D74: Conta Principal | E74: Conta Principal | F74: 1969.12 | H74: =IF(D74<>"Investimento","",IF(SUMPRODUCT(MAX(($E$2:$E$1000=E74)*(($A$2:$A$1000*100+$C$2:$C$1000)<(A74*100+C74))*($A$2:$A$1000*100+$C$2:$C$1000)))=0,"",F74-SUMPRODUCT(($E$2:$E$1000=E74)*(($A$2:$A$1000*100+$C$2:$C$1000)=SUMPRODUCT(MAX(($E$2:$E$1000=E74)*(($A$2:$A$1000*100+$C$2:$C$1000)<(A74*100+C74))*($A$2:$A$1000*100+$C$2:$C$1000))))*$F$2:$F$1000)-G74))
A75: 2026 | B75: Agosto | C75: 8 | D75: Investimento | E75: Activobank | F75: 100 | H75: =IF(D75<>"Investimento","",IF(SUMPRODUCT(MAX(($E$2:$E$1000=E75)*(($A$2:$A$1000*100+$C$2:$C$1000)<(A75*100+C75))*($A$2:$A$1000*100+$C$2:$C$1000)))=0,"",F75-SUMPRODUCT(($E$2:$E$1000=E75)*(($A$2:$A$1000*100+$C$2:$C$1000)=SUMPRODUCT(MAX(($E$2:$E$1000=E75)*(($A$2:$A$1000*100+$C$2:$C$1000)<(A75*100+C75))*($A$2:$A$1000*100+$C$2:$C$1000))))*$F$2:$F$1000)-G75)) -> 0
A76: 2026 | B76: Agosto | C76: 8 | D76: Investimento | E76: Bondora Go & Grow | F76: 7089.2 | G76: 165 | H76: =IF(D76<>"Investimento","",IF(SUMPRODUCT(MAX(($E$2:$E$1000=E76)*(($A$2:$A$1000*100+$C$2:$C$1000)<(A76*100+C76))*($A$2:$A$1000*100+$C$2:$C$1000)))=0,"",F76-SUMPRODUCT(($E$2:$E$1000=E76)*(($A$2:$A$1000*100+$C$2:$C$1000)=SUMPRODUCT(MAX(($E$2:$E$1000=E76)*(($A$2:$A$1000*100+$C$2:$C$1000)<(A76*100+C76))*($A$2:$A$1000*100+$C$2:$C$1000))))*$F$2:$F$1000)-G76)) -> 34.6
A77: 2026 | B77: Agosto | C77: 8 | D77: Investimento | E77: Degiro | F77: 2430.88 | G77: 50 | H77: =IF(D77<>"Investimento","",IF(SUMPRODUCT(MAX(($E$2:$E$1000=E77)*(($A$2:$A$1000*100+$C$2:$C$1000)<(A77*100+C77))*($A$2:$A$1000*100+$C$2:$C$1000)))=0,"",F77-SUMPRODUCT(($E$2:$E$1000=E77)*(($A$2:$A$1000*100+$C$2:$C$1000)=SUMPRODUCT(MAX(($E$2:$E$1000=E77)*(($A$2:$A$1000*100+$C$2:$C$1000)<(A77*100+C77))*($A$2:$A$1000*100+$C$2:$C$1000))))*$F$2:$F$1000)-G77)) -> 46.81
A78: 2026 | B78: Agosto | C78: 8 | D78: Investimento | E78: Golden SGF | F78: 2991.1 | G78: 50 | H78: =IF(D78<>"Investimento","",IF(SUMPRODUCT(MAX(($E$2:$E$1000=E78)*(($A$2:$A$1000*100+$C$2:$C$1000)<(A78*100+C78))*($A$2:$A$1000*100+$C$2:$C$1000)))=0,"",F78-SUMPRODUCT(($E$2:$E$1000=E78)*(($A$2:$A$1000*100+$C$2:$C$1000)=SUMPRODUCT(MAX(($E$2:$E$1000=E78)*(($A$2:$A$1000*100+$C$2:$C$1000)<(A78*100+C78))*($A$2:$A$1000*100+$C$2:$C$1000))))*$F$2:$F$1000)-G78)) -> 56.15
A79: 2026 | B79: Agosto | C79: 8 | D79: Investimento | E79: IGCP | F79: 2741.98 | H79: =IF(D79<>"Investimento","",IF(SUMPRODUCT(MAX(($E$2:$E$1000=E79)*(($A$2:$A$1000*100+$C$2:$C$1000)<(A79*100+C79))*($A$2:$A$1000*100+$C$2:$C$1000)))=0,"",F79-SUMPRODUCT(($E$2:$E$1000=E79)*(($A$2:$A$1000*100+$C$2:$C$1000)=SUMPRODUCT(MAX(($E$2:$E$1000=E79)*(($A$2:$A$1000*100+$C$2:$C$1000)<(A79*100+C79))*($A$2:$A$1000*100+$C$2:$C$1000))))*$F$2:$F$1000)-G79)) -> 0
A80: 2026 | B80: Agosto | C80: 8 | D80: Investimento | E80: PPR Santander | F80: 2048.85 | G80: 50 | H80: =IF(D80<>"Investimento","",IF(SUMPRODUCT(MAX(($E$2:$E$1000=E80)*(($A$2:$A$1000*100+$C$2:$C$1000)<(A80*100+C80))*($A$2:$A$1000*100+$C$2:$C$1000)))=0,"",F80-SUMPRODUCT(($E$2:$E$1000=E80)*(($A$2:$A$1000*100+$C$2:$C$1000)=SUMPRODUCT(MAX(($E$2:$E$1000=E80)*(($A$2:$A$1000*100+$C$2:$C$1000)<(A80*100+C80))*($A$2:$A$1000*100+$C$2:$C$1000))))*$F$2:$F$1000)-G80)) -> -2.69
A81: 2026 | B81: Agosto | C81: 8 | D81: Investimento | E81: Revolut | F81: 373.46 | G81: 20 | H81: =IF(D81<>"Investimento","",IF(SUMPRODUCT(MAX(($E$2:$E$1000=E81)*(($A$2:$A$1000*100+$C$2:$C$1000)<(A81*100+C81))*($A$2:$A$1000*100+$C$2:$C$1000)))=0,"",F81-SUMPRODUCT(($E$2:$E$1000=E81)*(($A$2:$A$1000*100+$C$2:$C$1000)=SUMPRODUCT(MAX(($E$2:$E$1000=E81)*(($A$2:$A$1000*100+$C$2:$C$1000)<(A81*100+C81))*($A$2:$A$1000*100+$C$2:$C$1000))))*$F$2:$F$1000)-G81)) -> 0.28
A82: 2026 | B82: Agosto | C82: 8 | D82: Investimento | E82: Trade Republic | F82: 18697.52 | G82: 0 | H82: =IF(D82<>"Investimento","",IF(SUMPRODUCT(MAX(($E$2:$E$1000=E82)*(($A$2:$A$1000*100+$C$2:$C$1000)<(A82*100+C82))*($A$2:$A$1000*100+$C$2:$C$1000)))=0,"",F82-SUMPRODUCT(($E$2:$E$1000=E82)*(($A$2:$A$1000*100+$C$2:$C$1000)=SUMPRODUCT(MAX(($E$2:$E$1000=E82)*(($A$2:$A$1000*100+$C$2:$C$1000)<(A82*100+C82))*($A$2:$A$1000*100+$C$2:$C$1000))))*$F$2:$F$1000)-G82)) -> 25.69
A83: 2026 | B83: Agosto | C83: 8 | D83: Investimento | E83: XTB | F83: 480.4 | G83: 50 | H83: =IF(D83<>"Investimento","",IF(SUMPRODUCT(MAX(($E$2:$E$1000=E83)*(($A$2:$A$1000*100+$C$2:$C$1000)<(A83*100+C83))*($A$2:$A$1000*100+$C$2:$C$1000)))=0,"",F83-SUMPRODUCT(($E$2:$E$1000=E83)*(($A$2:$A$1000*100+$C$2:$C$1000)=SUMPRODUCT(MAX(($E$2:$E$1000=E83)*(($A$2:$A$1000*100+$C$2:$C$1000)<(A83*100+C83))*($A$2:$A$1000*100+$C$2:$C$1000))))*$F$2:$F$1000)-G83)) -> 8.2
A84: 2026 | B84: Agosto | C84: 8 | D84: Numerário | E84: Numerário (dinheiro em casa) | F84: 10 | H84: =IF(D84<>"Investimento","",IF(SUMPRODUCT(MAX(($E$2:$E$1000=E84)*(($A$2:$A$1000*100+$C$2:$C$1000)<(A84*100+C84))*($A$2:$A$1000*100+$C$2:$C$1000)))=0,"",F84-SUMPRODUCT(($E$2:$E$1000=E84)*(($A$2:$A$1000*100+$C$2:$C$1000)=SUMPRODUCT(MAX(($E$2:$E$1000=E84)*(($A$2:$A$1000*100+$C$2:$C$1000)<(A84*100+C84))*($A$2:$A$1000*100+$C$2:$C$1000))))*$F$2:$F$1000)-G84))
A85: 2026 | B85: Agosto | C85: 8 | D85: Criptoativo | E85: Bitcoin | F85: 38 | H85: =IF(D85<>"Investimento","",IF(SUMPRODUCT(MAX(($E$2:$E$1000=E85)*(($A$2:$A$1000*100+$C$2:$C$1000)<(A85*100+C85))*($A$2:$A$1000*100+$C$2:$C$1000)))=0,"",F85-SUMPRODUCT(($E$2:$E$1000=E85)*(($A$2:$A$1000*100+$C$2:$C$1000)=SUMPRODUCT(MAX(($E$2:$E$1000=E85)*(($A$2:$A$1000*100+$C$2:$C$1000)<(A85*100+C85))*($A$2:$A$1000*100+$C$2:$C$1000))))*$F$2:$F$1000)-G85))

Sheet 2026 (formato antigo)
A1: Portfólio
B2: Janeiro | E2: Fevereiro | H2: Março | K2: Abril | N2: Maio | Q2: Junho | T2: Julho | W2: Agosto | Z2: Setembro | AC2: Outubro | AF2: Novembro | AI2: Dezembro
A3: Conta principal | B3: 1670.18 | E3: 2628.38 | H3: 2675.51 | K3: 2561.59 | N3: 1786.89
A5: Investimentos
B6: Janeiro | E6: Fevereiro | H6: Março | K6: Abril | N6: Maio | Q6: Junho | T6: Julho | W6: Agosto | Z6: Setembro | AC6: Outubro | AF6: Novembro | AI6: Dezembro
A7: Ativos | B7: Saldo | C7: Investido | D7: Ganho/Perda | E7: Saldo 2 | F7: Investido 2 | G7: Ganho/Perda 2 | H7: Saldo 3 | I7: Investido 3 | J7: Ganho/Perda 3 | K7: Saldo 4 | L7: Investido 4 | M7: Ganho/Perda 4 | N7: Saldo 5 | O7: Investido 5 | P7: Ganho/Perda 5 | Q7: Saldo 6 | R7: Investido 6 | S7: Ganho/Perda 6 | T7: Saldo 7 | U7: Investido 7 | V7: Ganho/Perda 7 | W7: Saldo 8 | X7: Investido 8 | Y7: Ganho/Perda 8 | Z7: Saldo 9 | AA7: Investido 9 | AB7: Ganho/Perda 9 | AC7: Saldo 10 | AD7: Investido 10 | AE7: Ganho/Perda 10 | AF7: Saldo 11 | AG7: Investido 11 | AH7: Ganho/Perda 11 | AI7: Saldo 12 | AJ7: Investido 12 | AK7: Ganho/Perda 12
A8: Activobank | B8: 4000 | E8: 267.71 | F8: 0 | G8: =E8 - B8 - F8 -> -3732.29 | H8: 100 | I8: 0 | J8: =SUM(H8-E8) -> -167.71 | K8: 100 | L8: 0 | M8: =SUM(K8-H8) -> 0 | N8: 100 | O8: 0 | P8: =SUM(N8-K8) -> 0
A9: Bondora Go & Grow | B9: 6251.29 | E9: 6309.34 | F9: 26 | G9: =E9 - B9 - F9 -> 32.05 | H9: 6386.73 | I9: 55 | J9: =SUM(H9-E9) -> 77.39 | K9: 6479.54 | L9: 62 | M9: =SUM(K9-H9) -> 92.81 | N9: 6611.92 | O9: 100 | P9: =SUM(N9-K9) -> 132.38
A10: Degiro | B10: 2010.83 | E10: 2046.34 | F10: 0 | G10: =E10 - B10 - F10 -> 35.51 | H10: 1971.27 | I10: 0 | J10: =SUM(H10-E10) -> -75.07 | K10: 2189.55 | L10: 50 | M10: =SUM(K10-H10) -> 218.28 | N10: 2274 | O10: 50 | P10: =SUM(N10-K10) -> 84.45
A11: Extra | B11: 470 | E11: 370 | F11: 0 | G11: =E11 - B11 - F11 -> -100 | H11: 330 | I11: 0 | J11: =SUM(H11-E11) -> -40 | K11: 90 | L11: 0 | M11: =SUM(K11-H11) -> -240 | N11: 80 | O11: 0 | P11: =SUM(N11-K11) -> -10
A12: Golden SGF | B12: 2503.69 | E12: 2557.77 | F12: 50 | G12: =E12 - B12 - F12 -> 4.08 | H12: 2504.71 | I12: 50 | J12: =SUM(H12-E12) -> -53.06 | K12: 2659.51 | L12: 50 | M12: =SUM(K12-H12) -> 154.8 | N12: 2778.22 | O12: 50 | P12: =SUM(N12-K12) -> 118.71
A13: IGCP | B13: 2707.43 | E13: 2707.43 | F13: 0 | G13: =E13 - B13 - F13 -> 0 | H13: 2707.43 | I13: 0 | J13: =SUM(H13-E13) -> 0 | K13: 2724.75 | L13: 0 | M13: =SUM(K13-H13) -> 17.32 | N13: 2724.75 | O13: 0 | P13: =SUM(N13-K13) -> 0
A14: PPR Santander | B14: 1709.21 | E14: 1766 | F14: 50 | G14: =E14 - B14 - F14 -> 6.79 | H14: 1784.76 | I14: 50 | J14: =SUM(H14-E14) -> 18.76 | K14: 1846.5 | L14: 50 | M14: =SUM(K14-H14) -> 61.74 | N14: 1909.28 | O14: 50 | P14: =SUM(N14-K14) -> 62.78
A15: Revolut | B15: 226.13 | E15: 246.28 | F15: 20 | G15: =E15 - B15 - F15 -> 0.15 | H15: 266.57 | I15: 20 | J15: =SUM(H15-E15) -> 20.29 | K15: 287 | L15: 20 | M15: =SUM(K15-H15) -> 20.43 | N15: 312 | O15: 0 | P15: =SUM(N15-K15) -> 25
A16: Trade Republic | B16: 18991.73 | E16: 18991.73 | F16: 0 | G16: =E16 - B16 - F16 -> 0 | H16: 17053.07 | I16: 0 | J16: =SUM(H16-E16) -> -1938.66 | K16: 18081.26 | L16: 1000 | M16: =SUM(K16-H16) -> 1028.19 | N16: 19112.77 | O16: 1000 | P16: =SUM(N16-K16) -> 1031.51
A17: XTB | B17: 157.01 | E17: 213.06 | F17: 50 | G17: =E17 - B17 - F17 -> 6.05 | H17: 203.32 | I17: 0 | J17: =SUM(H17-E17) -> -9.74 | K17: 262.41 | L17: 50 | M17: =SUM(K17-H17) -> 59.09 | N17: 329.06 | O17: 50 | P17: =SUM(N17-K17) -> 66.65
A18: Total | B18: =SUM(B8:B16) -> 38870.31 | E18: =SUM(E8:E17) -> 35475.66 | F18: =SUM(F8:F17) -> 196 | G18: =SUM(G8:G17) -> -3747.66 | H18: =SUM(H8:H17) -> 33307.86 | I18: =SUM(I8:I17) -> 175 | J18: =SUM(H18-E18) -> -2167.8 | K18: =SUM(K8:K17) -> 34720.52 | L18: =SUM(L8:L17) -> 1282 | M18: =SUM(K18-H18) -> 1412.66 | N18: =SUM(N8:N17) -> 36232 | O18: =SUM(O8:O17) -> 1300 | P18: =SUM(P8:P17) -> 1511.48
A20: Criptoativos
A21: Revolut | B21: Janeiro | C21: Fevereiro | D21: Março | E21: Abril | F21: Maio | G21: Junho | H21: Julho | I21: Agosto | J21: Setembro | K21: Outubro | L21: Novembro | M21: Dezembro
A22: Bitcoin | B22: 35.12 | C22: 30.05 | D22: 31 | E22: 35 | F22: 33
A23: Total

Sheet 2025
A1: Portfólio
B2: Janeiro | E2: Fevereiro | H2: Março | K2: Abril | N2: Maio | Q2: Junho | T2: Julho | W2: Agosto | Z2: Setembro | AC2: Outubro | AF2: Novembro | AI2: Dezembro
A3: Conta principal | B3: 2314.93 | E3: 1518.92 | H3: 1046.29 | K3: 561.49 | N3: 2018.93 | Q3: 2266.19 | T3: 3035.53 | W3: 2595.75 | Z3: 1990.05 | AC3: 1509.66 | AF3: 1438.4 | AI3: 1559.32
A6: Investimentos
B7: Janeiro | E7: Fevereiro | H7: Março | K7: Abril | N7: Maio | Q7: Junho | T7: Julho | W7: Agosto | Z7: Setembro | AC7: Outubro | AF7: Novembro | AI7: Dezembro
A8: Column 1 | B8: Total | C8: Investido | D8: Diferença | E8: Total 2 | F8: Investido 2 | G8: Diferença 2 | H8: Total 3 | I8: Investido 3 | J8: Diferença 3 | K8: Total 4 | L8: Investido 4 | M8: Diferença 4 | N8: Total 5 | O8: Investido 5 | P8: Diferença 5 | Q8: Total 6 | R8: Investido 6 | S8: Diferença 6 | T8: Total 7 | U8: Investido 7 | V8: Diferença 7 | W8: Total 8 | X8: Investido 8 | Y8: Diferença 8 | Z8: Total 9 | AA8: Investido 9 | AB8: Diferença 9 | AC8: Total 10 | AD8: Investido 10 | AE8: Diferença 10 | AF8: Total 11 | AG8: Investido 11 | AH8: Diferença 11 | AI8: Total 12 | AJ8: Investido 12 | AK8: Diferença 12
A9: Activobank | B9: 5013.5 | C9: 0 | E9: 5065.75 | F9: 0 | G9: =E9-B9 -> 52.25 | H9: 2875.75 | I9: 0 | J9: =H9-E9 -> -2190 | K9: 3925.75 | L9: 1900 | M9: =K9-H9 -> 1050 | N9: 4378 | O9: 500 | P9: =N9-K9 -> 452.25 | Q9: 4500 | R9: 72 | S9: =Q9-N9 -> 122 | T9: 4500 | U9: 0 | V9: =T9-Q9 -> 0 | W9: 5052.25 | X9: 550 | Y9: =W9-T9 -> 552.25 | Z9: 5052.25 | AA9: 0 | AB9: =Z9-W9 -> 0 | AC9: 4702.25 | AD9: 350 | AE9: =AC9-Z9 -> -350 | AF9: 3653.06 | AG9: 0 | AH9: =AF9-AC9 -> -1049.19 | AI9: 4650.81 | AJ9: 1000 | AK9: =AI9-AF9 -> 997.75
A10: Trade Republic | B10: 12908.25 | C10: 0 | E10: 15871.62 | F10: 2900 | G10: =E10-B10 -> 2963.37 | H10: 15906.51 | I10: 0 | J10: =H10-E10 -> 34.89 | K10: 15938.33 | L10: 0 | M10: =K10-H10 -> 31.82 | N10: 15968.78 | O10: 0 | P10: =N10-K10 -> 30.45 | Q10: 16924.18 | R10: 928 | S10: =Q10-N10 -> 955.4 | T10: 17953.42 | U10: 1000 | V10: =T10-Q10 -> 1029.24 | W10: 18484.05 | X10: 500 | Y10: =W10-T10 -> 530.63 | Z10: 18514.44 | AA10: 0 | AB10: =Z10-W10 -> 30.39 | AC10: 18896.31 | AD10: 350 | AE10: =AC10-Z10 -> 381.87 | AF10: 18927.37 | AG10: 0 | AH10: =AF10-AC10 -> 31.06 | AI10: 18959.52 | AJ10: 0 | AK10: =AI10-AF10 -> 32.15
A11: Degiro | B11: 1474.89 | C11: 50 | E11: 1488.27 | F11: 50 | G11: =E11-B11 -> 13.38 | H11: 1444.68 | I11: 50 | J11: =H11-E11 -> -43.59 | K11: 1435.32 | L11: 50 | M11: =K11-H11 -> -9.36 | N11: 1567.67 | O11: 50 | P11: =N11-K11 -> 132.35 | Q11: 1621.57 | R11: 50 | S11: =Q11-N11 -> 53.9 | T11: 1636.96 | U11: 50 | V11: =T11-Q11 -> 15.39 | W11: 1784.22 | X11: 50 | Y11: =W11-T11 -> 147.26 | Z11: 1887.58 | AA11: 50 | AB11: =Z11-W11 -> 103.36 | AC11: 1986.73 | AD11: 50 | AE11: =AC11-Z11 -> 99.15 | AF11: 1972.3 | AG11: 0 | AH11: =AF11-AC11 -> -14.43 | AI11: 1987.35 | AJ11: 0 | AK11: =AI11-AF11 -> 15.05
A12: Bondora Go & Grow | B12: 4545.7 | C12: 0 | E12: 4604.63 | F12: 26 | G12: =E12-B12 -> 58.93 | H12: 4673.05 | I12: 42 | J12: =H12-E12 -> 68.42 | K12: 4769.92 | L12: 75 | M12: =K12-H12 -> 96.87 | N12: 4871.8 | O12: 78 | P12: =N12-K12 -> 101.88 | Q12: 5015.49 | R12: 120 | S12: =Q12-N12 -> 143.69 | T12: 5154.64 | U12: 114 | V12: =T12-Q12 -> 139.15 | W12: 5345.6 | X12: 165 | Y12: =W12-T12 -> 190.96 | Z12: 5521.58 | AA12: 150 | AB12: =Z12-W12 -> 175.98 | AC12: 5715.41 | AD12: 166 | AE12: =AC12-Z12 -> 193.83 | AF12: 5973.39 | AG12: 230 | AH12: =AF12-AC12 -> 257.98 | AI12: 6205.48 | AJ12: 202 | AK12: =AI12-AF12 -> 232.09
A13: Golden SGF | B13: 1771.84 | C13: 50 | E13: 1860.13 | F13: 50 | G13: =E13-B13 -> 88.29 | H13: 1811.27 | I13: 50 | J13: =H13-E13 -> -48.86 | K13: 1731.36 | L13: 50 | M13: =K13-H13 -> -79.91 | N13: 1887.82 | O13: 50 | P13: =N13-K13 -> 156.46 | Q13: 1917.53 | R13: 50 | S13: =Q13-N13 -> 29.71 | T13: 1999.76 | U13: 50 | V13: =T13-Q13 -> 82.23 | W13: 2063.12 | X13: 50 | Y13: =W13-T13 -> 63.36 | Z13: 2144.16 | AA13: 50 | AB13: =Z13-W13 -> 81.04 | AC13: 2263.67 | AD13: 50 | AE13: =AC13-Z13 -> 119.51 | AF13: 2313.1 | AG13: 50 | AH13: =AF13-AC13 -> 49.43 | AI13: 2381.68 | AJ13: 50 | AK13: =AI13-AF13 -> 68.58
A14: Certificados Aforro | B14: 2635.1 | C14: 0 | E14: 2635.1 | F14: 0 | G14: =E14-B14 -> 0 | H14: 2654.08 | I14: 0 | J14: =H14-E14 -> 18.98 | K14: 2654.08 | L14: 0 | M14: =K14-H14 -> 0 | N14: 2654.08 | O14: 0 | P14: =N14-K14 -> 0 | Q14: 2654.08 | R14: 0 | S14: =Q14-N14 -> 0 | T14: 2673.18 | U14: 0 | V14: =T14-Q14 -> 19.1 | W14: 2673.18 | X14: 0 | Y14: =W14-T14 -> 0 | Z14: 2673.18 | AA14: 0 | AB14: =Z14-W14 -> 0 | AC14: 2690.35 | AD14: 0 | AE14: =AC14-Z14 -> 17.17 | AF14: 2690.35 | AG14: 0 | AH14: =AF14-AC14 -> 0 | AI14: 2690.35 | AJ14: 0 | AK14: =AI14-AF14 -> 0
A15: Extra | B15: 6670 | E15: 4280 | F15: 0 | G15: =E15-B15 -> -2390 | H15: 1700 | I15: 0 | J15: =H15-E15 -> -2580 | K15: 310 | L15: 0 | M15: =K15-H15 -> -1390 | N15: 0 | O15: 0 | P15: =N15-K15 -> -310 | Q15: 0 | R15: 0 | S15: =Q15-N15 -> 0 | T15: 140 | U15: 0 | V15: =T15-Q15 -> 140 | W15: 665 | X15: 0 | Y15: =W15-T15 -> 525 | Z15: 1270 | AA15: 0 | AB15: =Z15-W15 -> 605 | AC15: 1600 | AE15: =AC15-Z15 -> 330 | AF15: 980 | AG15: 0 | AH15: =AF15-AC15 -> -620 | AI15: 730 | AJ15: 0 | AK15: =AI15-AF15 -> -250
A16: Revolut | H16: 46.37 | I16: 0 | J16: =H16-E16 -> 46.37 | K16: 49.3 | L16: 0 | M16: =K16-H16 -> 2.93 | N16: 69.39 | O16: 20 | P16: =N16-K16 -> 20.09 | Q16: 89.39 | R16: 20 | S16: =Q16-N16 -> 20 | T16: 109.65 | U16: 20 | V16: =T16-Q16 -> 20.26 | W16: 129.65 | X16: 20 | Y16: =W16-T16 -> 20 | Z16: 145.43 | AA16: 20 | AB16: =Z16-W16 -> 15.78 | AC16: 165.54 | AD16: 20 | AE16: =AC16-Z16 -> 20.11 | AF16: 185.82 | AG16: 20 | AH16: =AF16-AC16 -> 20.28 | AI16: 205.97 | AJ16: 20 | AK16: =AI16-AF16 -> 20.15
A17: XTB | G17: =E17-B17 -> 0 | J17: =H17-E17 -> 0 | M17: =K17-H17 -> 0 | P17: =N17-K17 -> 0 | S17: =Q17-N17 -> 0 | V17: =T17-Q17 -> 0 | Y17: =W17-T17 -> 0 | AB17: =Z17-W17 -> 0 | AE17: =AC17-Z17 -> 0 | AF17: 50.23 | AG17: 50 | AH17: =AF17-AC17 -> 50.23 | AI17: 101.95 | AJ17: 50 | AK17: =AI17-AF17 -> 51.72
A18: PPR Santander | B18: 1174.35 | C18: 25 | E18: 1204.56 | F18: 25 | G18: =E18-B18 -> 30.21 | H18: 1223.79 | I18: 25 | J18: =H18-E18 -> 19.23 | K18: 1256.53 | L18: 25 | M18: =K18-H18 -> 32.74 | N18: 1286.76 | O18: 25 | P18: =N18-K18 -> 30.23 | Q18: 1338.31 | R18: 50 | S18: =Q18-N18 -> 51.55 | T18: 1393.4 | U18: 50 | V18: =T18-Q18 -> 55.09 | W18: 1443.36 | X18: 50 | Y18: =W18-T18 -> 49.96 | Z18: 1497.43 | AA18: 50 | AB18: =Z18-W18 -> 54.07 | AC18: 1554.56 | AD18: 50 | AE18: =AC18-Z18 -> 57.13 | AF18: 1602.07 | AG18: 50 | AH18: =AF18-AC18 -> 47.51 | AI18: 1650.04 | AJ18: 50 | AK18: =AI18-AF18 -> 47.97
A19: Total | B19: =SUM(B9:B18) -> 36193.63 | C19: =SUM(C9:C18) -> 125 | D19: =SUM(D9:D18) -> 0 | E19: =SUM(E9:E18) -> 37010.06 | F19: =SUM(F9:F18) -> 3051 | G19: =E19-B19 -> 816.43 | H19: =SUM(H9:H18) -> 32335.5 | I19: =SUM(I9:I18) -> 167 | J19: =H19-E19 -> -4674.56 | K19: =SUM(K9:K18) -> 32070.59 | L19: =SUM(L9:L18) -> 2100 | M19: =K19-H19 -> -264.91 | N19: =SUM(N9:N18) -> 32684.3 | O19: =SUM(O9:O18) -> 723 | P19: =N19-K19 -> 613.71 | Q19: =SUM(Q9:Q18) -> 34060.55 | R19: =SUM(R9:R18) -> 1290 | S19: =Q19-N19 -> 1376.25 | T19: =SUM(T9:T18) -> 35561.01 | U19: =SUM(U9:U18) -> 1284 | V19: =T19-Q19 -> 1500.46 | W19: =SUM(W9:W18) -> 37640.43 | X19: =SUM(X9:X18) -> 1385 | Y19: =W19-T19 -> 2079.42 | Z19: =SUM(Z9:Z18) -> 38706.05 | AA19: =SUM(AA9:AA18) -> 320 | AB19: =Z19-W19 -> 1065.62 | AC19: =SUM(AC9:AC18) -> 39574.82 | AD19: =SUM(AD9:AD18) -> 1036 | AE19: =AC19-Z19 -> 868.77 | AF19: =SUM(AF9:AF18) -> 38347.69 | AG19: =SUM(AG9:AG18) -> 400 | AH19: =AF19-AC19 -> -1227.13 | AI19: =SUM(AI9:AI18) -> 39563.15 | AJ19: =SUM(AJ9:AJ18) -> 1372 | AK19: =AI19-AF19 -> 1215.46
A22: Criptoativos
A23: Column 1 | B23: Janeiro | C23: Fevereiro | D23: Março | E23: Abril | F23: Maio | G23: Junho | H23: Julho | I23: Agosto | J23: Setembro | K23: Outubro | L23: Novembro | M23: Dezembro
A24: Binance | B24: 281.57 | C24: 233.41 | D24: 224.58 | E24: 244.47 | F24: 263.47 | G24: 258.64 | H24: 282.88
A25: Coinbase | B25: 86.81 | C25: 58.25 | D25: 48.08 | E25: 45.25 | F25: 61.63 | G25: 57.57 | H25: 86.11
A26: Total | B26: =SUM(B24:B25) -> 368.38 | C26: =SUM(C24:C25) -> 291.66 | D26: =SUM(D24:D25) -> 272.66 | E26: =SUM(E24:E25) -> 289.72 | F26: =SUM(F24:F25) -> 325.1 | G26: =SUM(G24:G25) -> 316.21 | H26: =SUM(H24:H25) -> 368.99

Sheet 2024
A1: Portfólio
B2: Janeiro | C2: Fevereiro | D2: Março | E2: Abril | F2: Maio | G2: Junho | H2: Julho | I2: Agosto | J2: Setembro | K2: Outubro | O2: Novembro | R2: Dezembro
A3: Conta principal | K3: 1913.59 | O3: 2224.01 | R3: 2134.56
A6: Investimentos
B7: Janeiro | C7: Fevereiro | D7: Março | E7: Abril | F7: Maio | G7: Junho | H7: Julho | I7: Agosto | J7: Setembro | K7: Outubro | O7: Novembro | R7: Dezembro
K8: Total | L8: Investido | M8: % | N8: Diferença | O8: Total | P8: Investido | Q8: Diferença | R8: Total | S8: Investido | T8: Diferença
A9: Activobank | B9: 8380.65 | C9: 8580.65 | D9: 10030.65 | E9: 10881.84 | F9: 10915.18 | G9: 13365.18 | H9: 4765.19 | I9: 5000 | J9: 5000 | K9: 5000 | L9: 0 | M9: =(K9 - J9) / J9 -> 0 | N9: =ABS(K9-J9) -> 0 | O9: 5013.5 | P9: 0 | Q9: =(O9 - K9) -> 13.5 | R9: 5013.5 | S9: 0 | T9: =ABS(R9-O9) -> 0
A10: Trade Republic | H10: 5000 | I10: 7760.6 | J10: 8817.61 | K10: 10817.61 | L10: 2000 | M10: =(K10 - J10) / J10 -> 0.22681883 | N10: =ABS(K10-J10) -> 2000 | O10: 10847.56 | P10: 0 | Q10: =(O10 - K10) -> 29.95 | R10: 12908.25 | S10: 2060.69 | T10: =ABS(R10-O10) -> 2060.69
A11: Degiro | B11: 757.12 | C11: 836.76 | D11: 911.12 | E11: 944.22 | F11: 1004.11 | G11: 1097.35 | H11: 1135.52 | I11: 1196.24 | J11: 1321.58 | K11: 1336.59 | L11: 50 | M11: =(K11 - J11) / J11 -> 0.011357617 | N11: =ABS(K11-J11) -> 15.01 | O11: 1386.74 | P11: 50 | Q11: =(O11 - K11) -> 50.15 | R11: 1427.77 | S11: 50 | T11: =ABS(R11-O11) -> 41.03
A12: Bondora Go & Grow | B12: 2941.12 | C12: 2982.97 | D12: 3040.6 | E12: 3133.24 | F12: 3288.28 | G12: 3339.94 | H12: 3498.25 | I12: 3647.98 | J12: 3857.08 | K12: 4040.66 | L12: 166 | M12: =(K12 - J12) / J12 -> 0.04759559 | N12: =ABS(K12-J12) -> 183.58 | O12: 4245.54 | P12: 178 | Q12: =(O12 - K12) -> 204.88 | R12: 4520.55 | S12: 250 | T12: =ABS(R12-O12) -> 275.01
A13: Golden SGF | B13: 1052.96 | C13: 1136.79 | D13: 1209.99 | E13: 1241.88 | F13: 1297.6 | G13: 1378.43 | H13: 1415.69 | I13: 1478.95 | J13: 1555.94 | K13: 1600.39 | L13: 50 | M13: =(K13 - J13) / J13 -> 0.02856794 | N13: =ABS(K13-J13) -> 44.45 | O13: 1655.01 | P13: 50 | Q13: =(O13 - K13) -> 54.62 | R13: 1714.96 | S13: 50 | T13: =ABS(R13-O13) -> 59.95
A14: Certificados Aforro | B14: 2560.68 | C14: 2560.68 | D14: 2560.68 | E14: 2579 | F14: 2579 | G14: 2579 | H14: 2597.58 | I14: 2597.58 | J14: 2616.28 | K14: 2616.28 | L14: 0 | M14: =(K14 - J14) / J14 -> 0 | N14: =ABS(K14-J14) -> 0 | O14: 2616.28 | P14: 0 | Q14: =(O14 - K14) -> 0 | R14: 2616.28 | S14: 0 | T14: =ABS(R14-O14) -> 0
A15: Extra | B15: 4500 | C15: 4300 | D15: 4000 | E15: 4020 | F15: 3800 | G15: 5150 | H15: 5500 | I15: 7740 | J15: 8800 | K15: 8860 | M15: =(K15 - J15) / J15 -> 0.0068181818 | N15: =ABS(K15-J15) -> 60 | O15: 8000 | Q15: =(O15 - K15) -> -860 | R15: 8805 | S15: 805 | T15: =ABS(R15-O15) -> 805
A16: PPR Santander | B16: 0 | C16: 0 | D16: 0 | E16: 905.35 | F16: 931.78 | G16: 962.2 | H16: 972.83 | I16: 1028.02 | J16: 1061.14 | K16: 1063.89 | L16: 25 | M16: =(K16 - J16) / J16 -> 0.0025915525 | N16: =ABS(K16-J16) -> 2.75 | O16: 1122.78 | P16: 25 | Q16: =(O16 - K16) -> 58.89 | R16: 1144.69 | S16: 25 | T16: =ABS(R16-O16) -> 21.91
A17: Total | B17: =SUM(B9:B15) -> 20192.53 | C17: =SUM(C9:C15) -> 20397.85 | D17: =SUM(D9:D15) -> 21753.04 | E17: =SUM(E9:E16) -> 23705.53 | F17: =SUM(F9:F16) -> 23815.95 | G17: =SUM(G9:G16) -> 27872.1 | H17: =SUM(H9:H16) -> 24885.06 | I17: =SUM(I9:I16) -> 30449.37 | J17: =SUM(J9:J16) -> 33029.63 | K17: =SUM(K9:K16) -> 35335.42 | L17: =SUM(L9:L16) -> 2291 | M17: =(K17 - J17) / J17 -> 0.069809744 | N17: =SUM(N9:N16) -> 2305.79 | O17: =SUM(O9:O16) -> 34887.41 | R17: =SUM(R9:R16) -> 38151 | T17: =ABS(R17-O17) -> 3263.59
A20: Criptoativos
B21: Janeiro | C21: Fevereiro | D21: Março | E21: Abril | F21: Maio | G21: Junho | H21: Julho | I21: Agosto | J21: Setembro | K21: Outubro | L21: Novembro | M21: Dezembro
A22: Binance | I22: 100.6 | J22: 107.45 | K22: 125.79 | L22: 172.78 | M22: 172.45
A23: Coinbase | I23: 55.59 | J23: 54.9 | K23: 61.6 | L23: 86.73 | M23: 88.84
A24: Total | I24: =SUM(I22:I23) -> 156.19 | J24: =SUM(J22:J23) -> 162.35 | K24: =SUM(K22:K23) -> 187.39 | L24: =SUM(L22:L23) -> 259.51 | M24: =SUM(M22:M23) -> 261.29

Sheet 2023
A1: Portfólio
B2: Outubro | C2: Novembro | D2: Dezembro
A3: Activobank | B3: 5380.65 | C3: 7480.65 | D3: 8380.65
A4: Degiro | B4: 557.86 | C4: 621.23 | D4: 685.64
A5: Bondora Go & Grow | B5: 2278.34 | C5: 2551.98 | D5: 2862.92
A6: Stoik PPR | B6: 985.31 | C6: 1005.15 | D6: 1051.48
A7: Certificados Aforro | B7: 2544.55 | C7: 2544.55 | D7: 2560.58
A8: Extra | B8: 3100 | C8: 2300 | D8: 4000
A9: Total | B9: =SUM(B3:B8) -> 14846.71 | C9: =SUM(C3:C8) -> 16503.56 | D9: =SUM(D3:D8) -> 19541.27
